id,name,effect1,effect2,place1,place2,place3,place4,place5,place6,item_type_id,is_active
5,ナナシのみ,こおり状態を回復する。,,16番道路、ウラウラ裏海岸にあるきのみの木から入手,野生のマケンカニが持っていることがある,ポケリゾートすくすくリゾートの畑で同種のきのみを植えて栽培・収穫する,,,,1,TRUE
6,ヒメリのみ,わざのPPが0になったとき、そのわざのPPを10だけ回復する。,,2番道路、3番道路、17番道路、ウラウラ裏海岸にあるきのみの木から入手,ポケリゾートすくすくリゾートの畑で同種のきのみを植えて栽培・収穫する,,,,,1,TRUE
7,オレンのみ,HPを10だけ回復する。,,メレメレ島?きのみ畑にいるおじいさんからもらう,アーカラ島?ロイヤルアベニュー?スーパー・メガやすで試食販売している店員から日替わりランダムでもらえる,きのみ畑、2番道路、8番道路、16番道路にあるきのみの木から入手,野生のツツケラが持っていることがある,野生のコラッタ(揺れる草)、マクノシタ(揺れる草)、ヤングース(揺れる草)とバトル後にフィールドに落ちていることがある,ポケリゾートすくすくリゾートの畑で同種のきのみを植えて栽培・収穫する,1,TRUE
8,キーのみ,こんらん状態を回復する。,,メレメレ島?きのみ畑で初めてきのみの木を調べたときに入手,きのみ畑、2番道路、5番道路、8番道路、16番道路にあるきのみの木から入手,野生のジジーロンが持っていることがある,ポケリゾートすくすくリゾートの畑で同種のきのみを植えて栽培・収穫する,,,1,TRUE
9,ラムのみ,状態異常を全て回復する。,,4番道路、5番道路、8番道路、16番道路、17番道路にあるきのみの木から入手,ポケリゾートすくすくリゾートの畑で同種のきのみを植えて栽培・収穫する,,,,,1,TRUE
10,オボンのみ,HPが1/2以下になったとき、最大HPの1/4だけ回復する。,,メレメレ島?きのみ畑にいるおじいさんからもらう,アーカラ島?ロイヤルアベニュー?スーパー・メガやすで試食販売している店員から日替わりランダムでもらえる,2番道路、3番道路、8番道路、16番道路、17番道路にあるきのみの木から入手,野生のケララッパが持っていることがある,野生のコラッタ、ラッタ、マクノシタ、ヤングース、デカグース(揺れる草)とバトル後にフィールドに落ちていることがある,ポケリゾートすくすくリゾートの畑で同種のきのみを植えて栽培・収穫する,1,TRUE
11,フィラのみ,HPが1/4以下になったとき、最大HPの1/2だけ回復する。,からい味が苦手な性格だとこんらん状態になる。,4番道路にあるきのみの木から入手,野生のナックラー(砂煙)とバトル後にフィールドに落ちていることがある,ポケリゾートすくすくリゾートの畑で同種のきのみを植えて栽培・収穫する,,,,1,TRUE
12,ウイのみ,HPが1/4以下になったとき、最大HPの1/2だけ回復する。,しぶい味が苦手な性格だとこんらん状態になる。,4番道路にあるきのみの木から入手,野生のオコリザル(揺れる木)とバトル後にフィールドに落ちていることがある,ポケリゾートすくすくリゾートの畑で同種のきのみを植えて栽培・収穫する,,,,1,TRUE
13,マゴのみ,HPが1/4以下になったとき、最大HPの1/2だけ回復する。,あまい味が苦手な性格だとこんらん状態になる。,アーカラ島?ロイヤルアベニュー?スーパー・メガやすで試食販売している店員から日替わりランダムでもらえる,4番道路にあるきのみの木から入手,ポケリゾートすくすくリゾートの畑で同種のきのみを植えて栽培・収穫する,,,,1,TRUE
14,バンジのみ,HPが1/4以下になったとき、最大HPの1/2だけ回復する。,にがい味が苦手な性格だとこんらん状態になる。,4番道路にあるきのみの木から入手,野生のストライク(揺れる木)とバトル後にフィールドに落ちていることがある,ポケリゾートすくすくリゾートの畑で同種のきのみを植えて栽培・収穫する,,,,1,TRUE
15,イアのみ,HPが1/4以下になったとき、最大HPの1/2だけ回復する。,すっぱい味が苦手な性格だとこんらん状態になる。,4番道路にあるきのみの木から入手,ポケリゾートすくすくリゾートの畑で同種のきのみを植えて栽培・収穫する,,,,,1,TRUE
16,ズリのみ,きのみを使ったポケモンのお菓子(ポフィン・ポロック)の材料(XY・ORAS)。,,現時点ではサン・ムーンで入手不可,,,,,,1,FALSE
17,ブリーのみ,きのみを使ったポケモンのお菓子(ポフィン・ポロック)の材料(XY・ORAS)。,,アーカラ島?ロイヤルアベニュー?スーパー・メガやすで試食販売している店員から日替わりランダムでもらえる,ポケリゾートすくすくリゾートの畑で同種のきのみを植えて栽培・収穫する,,,,,1,TRUE
18,ナナのみ,きのみを使ったポケモンのお菓子(ポフィン・ポロック)の材料(XY・ORAS)。,,現時点ではサン・ムーンで入手不可,,,,,,1,FALSE
19,セシナのみ,きのみを使ったポケモンのお菓子(ポフィン・ポロック)の材料(XY・ORAS)。,,現時点ではサン・ムーンで入手不可,,,,,,1,FALSE
20,パイルのみ,きのみを使ったポケモンのお菓子(ポフィン・ポロック)の材料(XY・ORAS)。,,アーカラ島?ロイヤルアベニュー?スーパー・メガやすで試食販売している店員から日替わりランダムでもらえる,ポケリゾートすくすくリゾートの畑で同種のきのみを植えて栽培・収穫する,,,,,1,TRUE
21,ザロクのみ,なつき度が少し上がり、HPの努力値が10下がる。,,10番道路にあるきのみの木から入手,ポケリゾートすくすくリゾートの畑で同種のきのみを植えて栽培・収穫する,,,,,1,TRUE
22,ネコブのみ,なつき度が少し上がり、攻撃の努力値が10下がる。,,10番道路にあるきのみの木から入手,ポケリゾートすくすくリゾートの畑で同種のきのみを植えて栽培・収穫する,,,,,1,TRUE
23,タポルのみ,なつき度が少し上がり、防御の努力値が10下がる。,,10番道路にあるきのみの木から入手,ポケリゾートすくすくリゾートの畑で同種のきのみを植えて栽培・収穫する,,,,,1,TRUE
24,ロメのみ,なつき度が少し上がり、特攻の努力値が10下がる。,,10番道路にあるきのみの木から入手,ポケリゾートすくすくリゾートの畑で同種のきのみを植えて栽培・収穫する,,,,,1,TRUE
25,ウブのみ,なつき度が少し上がり、特防の努力値が10下がる。,,10番道路にあるきのみの木から入手,ポケリゾートすくすくリゾートの畑で同種のきのみを植えて栽培・収穫する,,,,,1,TRUE
26,マトマのみ,なつき度が少し上がり、素早さの努力値が10下がる。,,アーカラ島?ロイヤルアベニュー?スーパー・メガやすで試食販売している店員から日替わりランダムでもらえる,10番道路にあるきのみの木から入手,ポケリゾートすくすくリゾートの畑で同種のきのみを植えて栽培・収穫する,,,,1,TRUE
27,モコシのみ,きのみを使ったポケモンのお菓子(ポフィン・ポロック)の材料(XY・ORAS)。,,現時点ではサン・ムーンで入手不可,,,,,,1,FALSE
28,ゴスのみ,きのみを使ったポケモンのお菓子(ポフィン・ポロック)の材料(XY・ORAS)。,,現時点ではサン・ムーンで入手不可,,,,,,1,FALSE
29,ラブタのみ,きのみを使ったポケモンのお菓子(ポフィン・ポロック)の材料(XY・ORAS)。,,現時点ではサン・ムーンで入手不可,,,,,,1,FALSE
30,ノメルのみ,きのみを使ったポケモンのお菓子(ポフィン・ポロック)の材料(XY・ORAS)。,,現時点ではサン・ムーンで入手不可,,,,,,1,FALSE
31,ノワキのみ,きのみを使ったポケモンのお菓子(ポフィン・ポロック)の材料(XY・ORAS)。,,現時点ではサン・ムーンで入手不可,,,,,,1,FALSE
32,シーヤのみ,きのみを使ったポケモンのお菓子(ポフィン・ポロック)の材料(XY・ORAS)。,,現時点ではサン・ムーンで入手不可,,,,,,1,FALSE
33,カイスのみ,きのみを使ったポケモンのお菓子(ポフィン・ポロック)の材料(XY・ORAS)。,,現時点ではサン・ムーンで入手不可,,,,,,1,FALSE
34,ドリのみ,きのみを使ったポケモンのお菓子(ポフィン・ポロック)の材料(XY・ORAS)。,,現時点ではサン・ムーンで入手不可,,,,,,1,FALSE
35,ベリブのみ,きのみを使ったポケモンのお菓子(ポフィン・ポロック)の材料(XY・ORAS)。,,現時点ではサン・ムーンで入手不可,,,,,,1,FALSE
36,オッカのみ,効果抜群のほのおタイプのわざを受けたとき、受けるダメージが1/2になる。,,ポニの原野(北西)、ポニの広野にあるきのみの木から入手,ポケリゾートすくすくリゾートの畑で同種のきのみを植えて栽培・収穫する,,,,,1,TRUE
37,イトケのみ,効果抜群のみずタイプのわざを受けたとき、受けるダメージが1/2になる。,,ポニの原野(中央北)、ポニの広野にあるきのみの木から入手,ポケリゾートすくすくリゾートの畑で同種のきのみを植えて栽培・収穫する,,,,,1,TRUE
38,ソクノのみ,効果抜群のでんきタイプのわざを受けたとき、受けるダメージが1/2になる。,,ポニの原野(中央北)、ポニの広野にあるきのみの木から入手,ポケリゾートすくすくリゾートの畑で同種のきのみを植えて栽培・収穫する,,,,,1,TRUE
39,リンドのみ,効果抜群のくさタイプのわざを受けたとき、受けるダメージが1/2になる。,,ポニの原野(北東)、ポニの広野にあるきのみの木から入手,ポケリゾートすくすくリゾートの畑で同種のきのみを植えて栽培・収穫する,,,,,1,TRUE
40,ヤチェのみ,効果抜群のこおりタイプのわざを受けたとき、受けるダメージが1/2になる。,,ポニの原野(中央北)、ポニの広野にあるきのみの木から入手,ポケリゾートすくすくリゾートの畑で同種のきのみを植えて栽培・収穫する,,,,,1,TRUE
41,ヨプのみ,効果抜群のかくとうタイプのわざを受けたとき、受けるダメージが1/2になる。,,ポニの原野(北西)にあるきのみの木から入手,ポケリゾートすくすくリゾートの畑で同種のきのみを植えて栽培・収穫する,,,,,1,TRUE
42,ビアーのみ,効果抜群のどくタイプのわざを受けたとき、受けるダメージが1/2になる。,,ポニの原野(北東)にあるきのみの木から入手,ポケリゾートすくすくリゾートの畑で同種のきのみを植えて栽培・収穫する,,,,,1,TRUE
43,シュカのみ,効果抜群のじめんタイプのわざを受けたとき、受けるダメージが1/2になる。,,ポニの原野(北西)、ポニの広野にあるきのみの木から入手,ポケリゾートすくすくリゾートの畑で同種のきのみを植えて栽培・収穫する,,,,,1,TRUE
44,バコウのみ,効果抜群のひこうタイプのわざを受けたとき、受けるダメージが1/2になる。,,ポニの原野(北東)にあるきのみの木から入手,ポケリゾートすくすくリゾートの畑で同種のきのみを植えて栽培・収穫する,,,,,1,TRUE
45,ウタンのみ,効果抜群のエスパータイプのわざを受けたとき、受けるダメージが1/2になる。,,ポニの原野(中央北)にあるきのみの木から入手,ポケリゾートすくすくリゾートの畑で同種のきのみを植えて栽培・収穫する,,,,,1,TRUE
46,タンガのみ,効果抜群のむしタイプのわざを受けたとき、受けるダメージが1/2になる。,,ポニの原野(北東)にあるきのみの木から入手,ポケリゾートすくすくリゾートの畑で同種のきのみを植えて栽培・収穫する,,,,,1,TRUE
47,ヨロギのみ,効果抜群のいわタイプのわざを受けたとき、受けるダメージが1/2になる。,,ポニの原野(北西)にあるきのみの木から入手,ポケリゾートすくすくリゾートの畑で同種のきのみを植えて栽培・収穫する,,,,,1,TRUE
48,カシブのみ,効果抜群のゴーストタイプのわざを受けたとき、受けるダメージが1/2になる。,,ポニの原野(北東)にあるきのみの木から入手,ポケリゾートすくすくリゾートの畑で同種のきのみを植えて栽培・収穫する,,,,,1,TRUE
49,ハバンのみ,効果抜群のドラゴンタイプのわざを受けたとき、受けるダメージが1/2になる。,,ポニの原野(北東)にあるきのみの木から入手,ポケリゾートすくすくリゾートの畑で同種のきのみを植えて栽培・収穫する,,,,,1,TRUE
50,ナモのみ,効果抜群のあくタイプのわざを受けたとき、受けるダメージが1/2になる。,,ポニの原野(北西)にあるきのみの木から入手,ポケリゾートすくすくリゾートの畑で同種のきのみを植えて栽培・収穫する,,,,,1,TRUE
51,リリバのみ,効果抜群のはがねタイプのわざを受けたとき、受けるダメージが1/2になる。,,ポニの原野(中央北)にあるきのみの木から入手,ポケリゾートすくすくリゾートの畑で同種のきのみを植えて栽培・収穫する,,,,,1,TRUE
52,ホズのみ,ノーマルタイプのわざを受けたとき、受けるダメージが1/2になる。,,ポニの原野(北西)にあるきのみの木から入手,ポケリゾートすくすくリゾートの畑で同種のきのみを植えて栽培・収穫する,,,,,1,TRUE
53,チイラのみ,HPが1/4以下になったとき、攻撃のランクが1段階上がる。,,ポニの原野(北東)にあるきのみの木から入手,ポケリゾートすくすくリゾートの畑で同種のきのみを植えて栽培・収穫する,,,,,1,TRUE
54,リュガのみ,HPが1/4以下になったとき、防御のランクが1段階上がる。,,17番道路にあるきのみの木から入手,ポケリゾートすくすくリゾートの畑で同種のきのみを植えて栽培・収穫する,,,,,1,TRUE
55,カムラのみ,HPが1/4以下になったとき、素早さのランクが1段階上がる。,,ポニの原野(北西)にあるきのみの木から入手,ポケリゾートすくすくリゾートの畑で同種のきのみを植えて栽培・収穫する,,,,,1,TRUE
56,ヤタピのみ,HPが1/4以下になったとき、特攻のランクが1段階上がる。,,ポニの原野(中央北)にあるきのみの木から入手,ポケリゾートすくすくリゾートの畑で同種のきのみを植えて栽培・収穫する,,,,,1,TRUE
57,ズアのみ,HPが1/4以下になったとき、特防のランクが1段階上がる。,,ウラウラ裏海岸にあるきのみの木から入手,ポケリゾートすくすくリゾートの畑で同種のきのみを植えて栽培・収穫する,,,,,1,TRUE
58,サンのみ,HPが1/4以下になったとき、急所率のランクが2段階上がる。,,バトルツリーで100連勝以上した後、記録達成の翌日以降にバトルツリー受付の女性に話しかけるともらえる,ポケリゾートすくすくリゾートの畑で同種のきのみを植えて栽培・収穫する,,,,,1,TRUE
59,スターのみ,HPが1/4以下になったとき、ランダムで攻撃・防御・特攻・特防・素早さのどれか1つの能力のランクが2段階上がる。,,バトルツリーで200連勝以上した後、記録達成の翌日以降にバトルツリー受付の女性に話しかけるともらえる,ポケリゾートすくすくリゾートの畑で同種のきのみを植えて栽培・収穫する,,,,,1,TRUE
60,ナゾのみ,効果抜群のわざを受けたとき、最大HPの1/4だけ回復する。,,現時点ではサン・ムーンで入手不可,,,,,,1,FALSE
61,ミクルのみ,HPが1/4以下になったとき、命中率のランクが1段階上がる。,,現時点ではサン・ムーンで入手不可,,,,,,1,FALSE
62,イバンのみ,HPが1/4以下になったとき、一度だけ相手より先にわざを出せる。,,現時点ではサン・ムーンで入手不可,,,,,,1,FALSE
63,ジャポのみ,物理わざを受けたとき、相手に最大HPの1/8のダメージを与える。,,現時点ではサン・ムーンで入手不可,,,,,,1,FALSE
64,レンブのみ,特殊わざを受けたとき、相手に最大HPの1/8のダメージを与える。,,現時点ではサン・ムーンで入手不可,,,,,,1,FALSE
65,ロゼルのみ,効果抜群のフェアリータイプのわざを受けたとき、受けるダメージが1/2になる。,,ポニの原野(中央北)にあるきのみの木から入手,ポケリゾートすくすくリゾートの畑で同種のきのみを植えて栽培・収穫する,,,,,1,TRUE
66,アッキのみ,物理わざを受けたとき、防御のランクが1段階上がる。,,10番道路にあるきのみの木から入手,ポケリゾートすくすくリゾートの畑で同種のきのみを植えて栽培・収穫する,,,,,1,TRUE
67,タラプのみ,特殊わざを受けたとき、特防のランクが1段階上がる。,,ポニの広野にあるきのみの木から入手,ポケリゾートすくすくリゾートの畑で同種のきのみを植えて栽培・収穫する,,,,,1,TRUE
68,ノーマルZ,ウルトラダッシュアタック,,メレメレ島?茂みの洞窟?ぬしの間,キャプテン・イリマの試練でぬしポケモンのデカグース(サン版)/アローララッタ(ムーン版)を倒した後に入手,,,,,3,TRUE
69,ホノオZ,ダイナミックフルフレイム,,アーカラ島?ヴェラ火山公園,キャプテン・カキの試練でぬしポケモンのエンニュートを倒した後に入手,ポニ島?ポニの険路,バトルツリー入口前にいる男性からキテルグマと交換でもらえるファイアローが持っている,,,3,TRUE
70,ミズZ,スーパーアクアトルネード,,アーカラ島?せせらぎの丘,キャプテン・スイレンの試練でぬしポケモンのヨワシを倒した後に入手,アーカラ島?コニコシティ,ポケモンセンター内左側にいる少女からズバットと交換でもらえるニョロゾが持っている,,,3,TRUE
71,クサZ,ブルームシャインエクストラ,,アーカラ島?シェードジャングル,キャプテン・マオの試練でぬしポケモンのラランテスを倒した後に入手,ポニ島?海の民の村,村の中央付近にいる女性からグランブルと交換でもらえるアママイコが持っている,,,3,TRUE
72,デンキZ,スパーキングギガボルト,,ウラウラ島?ホクラニ岳,キャプテン・マーマネの試練でぬしポケモンのクワガノンを倒した後に入手,,,,,3,TRUE
73,コオリZ,レイジングジオフリーズ,,ウラウラ島?ラナキラマウンテン,洞窟エリアの北東にある台座を調べる,,,,,3,TRUE
74,カクトウZ,ぜんりょくむそうげきれつけん,(全力無双激烈拳),メレメレ島?リリィタウン,大試練でしまキング ハラを倒した後にもらえる,,,,,3,TRUE
75,ドクZ,アシッドポイズンデリート,,ポニ島?ポニの古道,スカル団のしたっぱと連戦後、スカル団幹部 プルメリからもらう,,,,,3,TRUE
76,ジメンZ,ライジングランドオーバー,,ポニ島?ポニの大峡谷,大試練でしまクイーン ハプウを倒した後にもらう,,,,,3,TRUE
77,ヒコウZ,ファイナルダイブクラッシュ,,メレメレ島?テンカラットヒル,[要ケンタロス・カイリキー]1番道路のククイ研究所西側からケンタロスのラッシュで岩を壊してテンカラットヒルの洞窟に入る。洞窟を進んでいき途中の四角い岩をカイリキーで押してさらに進む。出口から洞窟外に出たところにあるZクリスタルの台座を調べる,,,,,3,TRUE
78,エスパーZ,マキシマムサイブレイカー,,ウラウラ島?ハイナ砂漠,砂漠の奥のZクリスタルの台座を調べる。Zクリスタルの場所までの行き方は、砂漠を上→右→上→右と進むとたどり着く,,,,,3,TRUE
79,ムシZ,ぜったいほしょくかいてんざん,(絶対捕食回転斬),ウラウラ島?いかがわしき屋敷,スカル団ボス グズマを倒した後、グズマの部屋の中にあるカバンを調べると入手,,,,,3,TRUE
80,イワZ,ワールズエンドフォール,,アーカラ島?命の遺跡,大試練でしまクイーン ライチを倒した後にもらえる,ウラウラ島?カプの村,ポケモンセンター内左側にいる山男からゴーストと交換でもらえるゴローンが持っている,,,3,TRUE
81,ゴーストZ,むげんあんやへのいざない,(無限暗夜への誘い),ウラウラ島?14番道路,スーパー・メガやす跡地でアセロラの試練をクリアした後に14番道路に出ると入手,,,,,3,TRUE
82,ドラゴンZ,アルティメットドラゴンバーン,,ポニ島?ポニの大峡谷,キャプテン・マツリカの試練でぬしポケモンのジャラランガを倒した後に入手,,,,,3,TRUE
83,アクZ,ブラックホールイクリプス,,ウラウラ島?マリエシティ,大試練でしまキング クチナシを倒した後にもらえる,,,,,3,TRUE
84,ハガネZ,ちょうぜつらせんれんげき,(超絶螺旋連撃),ウラウラ島?ホクラニ岳,キャプテン・マーマネの試練でぬしポケモンのクワガノンを倒した後に天文台長マーレインがくれる,,,,,3,TRUE
85,フェアリーZ,ラブリースターインパクト,,ポニ島?ポニの大峡谷,途中の吊り橋でキャプテン・マツリカがくれる,,,,,3,TRUE
86,アシレーヌZ,わだつみのシンフォニア,(海神のシンフォニア)[アシレーヌ+うたかたのアリア],ウラウラ島?マリエ庭園,[最初にアシマリを選んだとき]シナリオでスカル団ボス グズマとバトル後にククイ博士からもらえる,メレメレ島?1番道路,[最初にモクローorニャビーを選んだとき]殿堂入り後にゲームを再スタートするとハウからもらえる,,,3,TRUE
87,アロライZ,ライトニングサーフライド,[ライチュウ+10まんボルト],ポニ島?海の民の村,アローラライチュウを手持ちに入れた状態で、マップ東のハガネール船内の右の方に座っている女性と話すともらえる,,,,,3,TRUE
88,イーブイZ,ナインエボルブースト,[イーブイ+とっておき],アーカラ島?ロイヤルアベニュー,[殿堂入り後]イベント後にスーパー・メガやすのレジにいる男性カゲトラからもらえる。詳細はイーブイZ入手方法を参照,,,,,3,TRUE
89,ガオガエンZ,ハイパーダーククラッシャー,[ガオガエン+DDラリアット],ウラウラ島?マリエ庭園,[最初にニャビーを選んだとき]シナリオでスカル団ボス グズマとバトル後にククイ博士からもらえる,メレメレ島?1番道路,[最初にモクローorアシマリを選んだとき]殿堂入り後にゲームを再スタートするとハウからもらえる,,,3,TRUE
90,カビゴンZ,ほんきをだす こうげき,(本気を出す 攻撃)[カビゴン+ギガインパクト],2017年1月11日まで配信されている早期購入特典のゴンベが持っている(配布ポケモン一覧参照),,,,,,3,TRUE
91,カプZ,ガーディアン・デ・アローラ,[カプ系+しぜんのいかり],ウラウラ島?戦の遺跡,[エンディング中] カプ・コケコを倒すともらえる,,,,,3,TRUE
92,サトシピカチュウZ,1000まんボルト,[Sピカチュウ+10まんボルト],現時点ではサン・ムーンで入手不可,,,,,,3,FALSE
93,ジュナイパーZ,シャドーアローズストライク,[ジュナイパー+かげぬい],ウラウラ島?マリエ庭園,[最初にモクローを選んだとき]シナリオでスカル団ボス グズマとバトル後にククイ博士からもらえる,メレメレ島?1番道路,[最初にニャビーorアシマリを選んだとき]殿堂入り後にゲームを再スタートするとハウからもらえる,,,3,TRUE
94,ピカチュウZ,ひっさつのピカチュート,(必殺のピカチュート)[ピカチュウ+ボルテッカー],アーカラ島?コニコシティ,マップ北の灯台の左にいるピカチュウを3匹連れた女性からもらう,,,,,3,TRUE
95,マーシャドーZ,しちせいだっこんたい,(七星奪魂腿)[マーシャドー+シャドースチール],現時点ではサン・ムーンで入手不可,,,,,,3,FALSE
96,ミュウZ,オリジンズスーパーノヴァ,[ミュウ+サイコキネシス],2017年1月25日～10月2日の期間中にポケモンバンクを利用するともらえる,,,,,,3,TRUE
97,フシギバナイト,フシギバナをメガフシギバナにメガシンカさせる。,,バトルツリーのシングルバトルに挑戦し、20連戦目でレッドを倒した後、受付横にいるレッドに話しかけるともらえる,,,,,,2,TRUE
98,リザードナイトX,リザードンをメガリザードンXにメガシンカさせる。,,バトルツリーのシングルバトルに挑戦し、20連戦目でレッドを倒した後、受付横にいるレッドに話しかけるともらえる,,,,,,2,TRUE
99,リザードナイトY,リザードンをメガリザードンYにメガシンカさせる。,,バトルツリーのシングルバトルに挑戦し、20連戦目でレッドを倒した後、受付横にいるレッドに話しかけるともらえる,,,,,,2,TRUE
100,カメックスナイト,カメックスをメガカメックスにメガシンカさせる。,,バトルツリーのシングルバトルに挑戦し、20連戦目でレッドを倒した後、受付横にいるレッドに話しかけるともらえる,,,,,,2,TRUE
101,スピアナイト,スピアーをメガスピアーにメガシンカさせる。,,PGL公式大会2017インターナショナルチャレンジFEBRUARYの参加賞として配布(参加受付2017年2月16～24日、開催期間2017年2月24～27日),,,,,,2,TRUE
102,ピジョットナイト,ピジョットをメガピジョットにメガシンカさせる。,,現時点ではサン・ムーンで入手不可,,,,,,2,FALSE
103,フーディナイト,フーディンをメガフーディンにメガシンカさせる。,,ポニ島?ポニの古道でデクシオとのバトル後にもらえる(殿堂入り後),バトルツリーBP景品アイテム(64BP),,,,,2,TRUE
104,ヤドランナイト,ヤドランをメガヤドランにメガシンカさせる。,,バトルツリーBP景品アイテム(64BP),,,,,,2,TRUE
105,ゲンガナイト,ゲンガーをメガゲンガーにメガシンカさせる。,,バトルツリーBP景品アイテム(64BP),,,,,,2,TRUE
106,ガルーラナイト,ガルーラをメガガルーラにメガシンカさせる。,,バトルツリーBP景品アイテム(64BP),,,,,,2,TRUE
107,カイロスナイト,カイロスをメガカイロスにメガシンカさせる。,,バトルツリーBP景品アイテム(64BP),,,,,,2,TRUE
108,ギャラドスナイト,ギャラドスをメガギャラドスにメガシンカさせる。,,バトルツリーBP景品アイテム(64BP),,,,,,2,TRUE
109,プテラナイト,プテラをメガプテラにメガシンカさせる。,,バトルツリーBP景品アイテム(64BP),,,,,,2,TRUE
110,ミュウツナイトX,ミュウツーをメガミュウツーXにメガシンカさせる。,,現時点ではサン・ムーンで入手不可,,,,,,2,FALSE
111,ミュウツナイトY,ミュウツーをメガミュウツーYにメガシンカさせる。,,現時点ではサン・ムーンで入手不可,,,,,,2,FALSE
112,デンリュウナイト,デンリュウをメガデンリュウにメガシンカさせる。,,現時点ではサン・ムーンで入手不可,,,,,,2,FALSE
113,ハガネールナイト,ハガネールをメガハガネールにメガシンカさせる。,,現時点ではサン・ムーンで入手不可,,,,,,2,FALSE
114,ハッサムナイト,ハッサムをメガハッサムにメガシンカさせる。,,バトルツリーBP景品アイテム(64BP),,,,,,2,TRUE
115,へラクロスナイト,へラクロスをメガへラクロスにメガシンカさせる。,,現時点ではサン・ムーンで入手不可,,,,,,2,FALSE
116,ヘルガナイト,ヘルガーをメガヘルガーにメガシンカさせる。,,現時点ではサン・ムーンで入手不可,,,,,,2,FALSE
117,バンギラスナイト,バンギラスをメガバンギラスにメガシンカさせる。,,現時点ではサン・ムーンで入手不可,,,,,,2,FALSE
118,ジュカインナイト,ジュカインをメガジュカインにメガシンカさせる。,,現時点ではサン・ムーンで入手不可,,,,,,2,FALSE
119,バシャーモナイト,バシャーモをメガバシャーモにメガシンカさせる。,,現時点ではサン・ムーンで入手不可,,,,,,2,FALSE
120,ラグラージナイト,ラグラージをメガラグラージにメガシンカさせる。,,現時点ではサン・ムーンで入手不可,,,,,,2,FALSE
121,サーナイトナイト,サーナイトをメガサーナイトにメガシンカさせる。,,現時点ではサン・ムーンで入手不可,,,,,,2,FALSE
122,ヤミラミナイト,ヤミラミをメガヤミラミにメガシンカさせる。,,バトルツリーBP景品アイテム(64BP),,,,,,2,TRUE
123,クチートナイト,クチートをメガクチートにメガシンカさせる。,,PGL公式大会2017インターナショナルチャレンジFEBRUARYの参加賞として配布(参加受付2017年2月16～24日、開催期間2017年2月24～27日),,,,,,2,TRUE
124,ボスゴドラナイト,ボスゴドラをメガボスゴドラにメガシンカさせる。,,現時点ではサン・ムーンで入手不可,,,,,,2,FALSE
125,チャーレムナイト,チャーレムをメガチャーレムにメガシンカさせる。,,現時点ではサン・ムーンで入手不可,,,,,,2,FALSE
126,ライボルトナイト,ライボルトをメガライボルトにメガシンカさせる。,,現時点ではサン・ムーンで入手不可,,,,,,2,FALSE
127,サメハダナイト,サメハダーをメガサメハダーにメガシンカさせる。,,バトルツリーBP景品アイテム(64BP),,,,,,2,TRUE
128,バクーダナイト,バクーダをメガバクーダにメガシンカさせる。,,現時点ではサン・ムーンで入手不可,,,,,,2,FALSE
129,チルタリスナイト,チルタリスをメガチルタリスにメガシンカさせる。,,現時点ではサン・ムーンで入手不可,,,,,,2,FALSE
130,ジュペッタナイト,ジュペッタをメガジュペッタにメガシンカさせる。,,現時点ではサン・ムーンで入手不可,,,,,,2,FALSE
131,アブソルナイト,アブソルをメガアブソルにメガシンカさせる。,,バトルツリーBP景品アイテム(64BP),,,,,,2,TRUE
132,オニゴーリナイト,オニゴーリをメガオニゴーリにメガシンカさせる。,,バトルツリーBP景品アイテム(64BP),,,,,,2,TRUE
133,ボーマンダナイト,ボーマンダをメガボーマンダにメガシンカさせる。,,バトルツリーBP景品アイテム(64BP),,,,,,2,TRUE
134,メタグロスナイト,メタグロスをメガメタグロスにメガシンカさせる。,,バトルツリーBP景品アイテム(64BP),,,,,,2,TRUE
135,ラティアスナイト,ラティアスをメガラティアスにメガシンカさせる。,,現時点ではサン・ムーンで入手不可,,,,,,2,FALSE
136,ラティオスナイト,ラティオスをメガラティオスにメガシンカさせる。,,現時点ではサン・ムーンで入手不可,,,,,,2,FALSE
137,ミミロップナイト,ミミロップをメガミミロップにメガシンカさせる。,,現時点ではサン・ムーンで入手不可,,,,,,2,FALSE
138,ガブリアスナイト,ガブリアスをメガガブリアスにメガシンカさせる。,,バトルツリーBP景品アイテム(64BP),,,,,,2,TRUE
139,ルカリオナイト,ルカリオをメガルカリオにメガシンカさせる。,,バトルツリーBP景品アイテム(64BP),,,,,,2,TRUE
140,ユキノオナイト,ユキノオーをメガユキノオーにメガシンカさせる。,,現時点ではサン・ムーンで入手不可,,,,,,2,FALSE
141,エルレイドナイト,エルレイドをメガエルレイドにメガシンカさせる。,,現時点ではサン・ムーンで入手不可,,,,,,2,FALSE
142,タブンネナイト,タブンネをメガタブンネにメガシンカさせる。,,現時点ではサン・ムーンで入手不可,,,,,,2,FALSE
143,ディアンシナイト,ディアンシーをメガディアンシーにメガシンカさせる。,,現時点ではサン・ムーンで入手不可,,,,,,2,FALSE
144,あいいろのたま,カイオーガに持たせてバトルに出すとゲンシカイオーガにゲンシカイキする。,,メレメレ島?ハウオリシティ?ショッピングモールにあるアンティーク セレクトショップ YOROZUで購入(10000円),,,,,,2,TRUE
145,べにいろのたま,グラードンに持たせてバトルに出すとゲンシグラードンにゲンシカイキする。,,メレメレ島?ハウオリシティ?ショッピングモールにあるアンティーク セレクトショップ YOROZUで購入(10000円),,,,,,2,TRUE
146,アイスメモリ,シルヴァディに持たせるとこおりタイプになる。,,エーテルパラダイス2F保護区の北側でグラジオからもらう(殿堂入り後),,,,,,15,TRUE
147,あおいかけら,フェスサークルのお城にいるおじさんに30コ渡すと「ぎんのおうかん」と交換してくれる。,,ポケリゾートどきどきリゾートでポケモンが拾ってくることがある,,,,,,9,TRUE
148,あおいバンダナ,ポケモンのうつくしさコンディションが上がる(ORAS)。,,現時点ではサン・ムーンで入手不可,,,,,,4,FALSE
149,あおいビードロ,ねむり状態を回復する(ORAS)。,,現時点ではサン・ムーンで入手不可,,,,,,13,FALSE
150,あおぞらプレート,持たせるとひこうタイプのわざの威力が1.2倍になる。,アルセウスに持たせるとひこうタイプになる。,メレメレ島?ハウオリシティ?ショッピングモールにあるアンティーク セレクトショップ YOROZUで購入(10000円・クチナシの大試練達成後),,,,,,15,TRUE
151,あかいいと,持たせるとメロメロ状態になったとき相手もメロメロ状態にする。,持たせたポケモンを預かり屋に預けてタマゴを作ると、両親の個体値からランダムで5つを遺伝した子ができる。(あかいいとで個体値厳選参照),特性「ものひろい」のポケモンが拾ってくることがある,ロイヤルドームBP景品アイテム(48BP),,,,,15,TRUE
152,あかいかけら,フェスサークルのお城にいるおじさんに30コ渡すと「ぎんのおうかん」と交換してくれる。,,ポケリゾートどきどきリゾートでポケモンが拾ってくることがある,,,,,,9,TRUE
153,あかいバンダナ,ポケモンのかっこよさコンディションが上がる(ORAS)。,,現時点ではサン・ムーンで入手不可,,,,,,4,FALSE
154,あかいビードロ,メロメロ状態を回復する(ORAS)。,,現時点ではサン・ムーンで入手不可,,,,,,13,FALSE
155,アクアカセット,ゲノセクトに持たせるとわざ「テクノバスター」がみずタイプになる。,,アーカラ島?8番道路?エーテルベースの前にいるアクロマからもらう(殿堂入り後),,,,,,15,TRUE
156,あくのジュエル,持たせると一度だけあくタイプのわざの威力が1.3倍になる(BW・BW2)。,,現時点ではサン・ムーンで入手不可,,,,,,15,FALSE
157,アゴのカセキ,アーカラ島8番道路にある化石復元所でチゴラスに復元してもらえる。,,現時点ではサン・ムーンで入手不可,,,,,,11,FALSE
158,あさせのかいがら,浅瀬の洞穴(ORAS)にいる老人に渡すと「かいがらのすず」を作ってもらえる。,,現時点ではサン・ムーンで入手不可,,,,,,5,FALSE
159,あさせのしお,浅瀬の洞穴(ORAS)にいる老人に渡すと「かいがらのすず」を作ってもらえる。,,現時点ではサン・ムーンで入手不可,,,,,,5,FALSE
160,あついいわ,持たせると「にほんばれ」を使ったときに天気が晴れ状態になる時間が5ターンから8ターンに長くなる。,,ウラウラ島?マリエシティ?マリエ地域センターにいる女性の天候クイズに答えるともらえる,ロイヤルドームBP景品アイテム(48BP),,,,,15,TRUE
161,アップグレード,ポリゴンに持たせて通信交換するとポリゴン2に進化する。,,ウラウラ島?15番水道?エーテルハウスの右奥の部屋にいるエーテル財団の職員からもらう(ウルトラスペースでルザミーネ撃破後),バトルツリーBP景品アイテム(32BP),,,,,14,TRUE
162,あなぬけのヒモ,洞窟内部などから入り口にワープする。,,メレメレ島?海繋ぎの洞穴で拾う,アーカラ島?ディグダトンネルで拾う(隠しアイテム),ウラウラ島?いかがわしき屋敷で拾う,ウラウラ島?ラナキラマウンテンで拾う,各地のフレンドリィショップで購入(1000円),その他,8,TRUE
163,あまいミツ,使うと野生のポケモンが出現する。,,メレメレ島?ハウオリシティ?ショッピングモール内にあるバトルバイキングの景品,メレメレ島?メレメレの花園で拾う(隠しアイテム),ポニ島?ポニの花園で拾う,フェスサークルギフトショップバトルストアで購入,各地のフレンドリィショップで購入(300円),その他,8,TRUE
164,あやしいおこう,持たせるとエスパータイプのわざの威力が1.2倍になる。,バリヤードに持たせて預かり屋に預けるとマネネのタマゴを持ってくることがある。,アーカラ島?コニコシティの御香屋で購入(2000円),,,,,,15,TRUE
165,あやしいカード,伝言メッセージが書かれた怪しいカード。,,メレメレ島?1番道路の自宅前であやしいおじさんからもらう(殿堂入り後),,,,,,5,TRUE
166,あやしいパッチ,ポリゴン2に持たせて通信交換するとポリゴンZに進化する。,,エーテルパラダイス?エントランス北側にいるザオボーとバトル後にもらえる(殿堂入り後),バトルツリーBP景品アイテム(32BP),,,,,14,TRUE
167,いいキズぐすり,HPを50回復する。,,メレメレ島?ハウオリシティで拾う,メレメレ島?2番道路で拾う,メレメレ島?ハウオリ霊園で拾う,メレメレ島?茂みの洞窟で拾う,特性「ものひろい」のポケモンが拾ってくることがある,各地のフレンドリィショップで購入(700円),13,TRUE
168,いかずちプレート,持たせるとでんきタイプのわざの威力が1.2倍になる。,アルセウスに持たせるとでんきタイプになる。,メレメレ島?ハウオリシティ?ショッピングモールにあるアンティーク セレクトショップ YOROZUで購入(10000円・クチナシの大試練達成後),,,,,,15,TRUE
169,いかりまんじゅう,状態異常を全て回復する。,,ウラウラ島?マリエ庭園で拾う,ポケモンセンター内にあるカフェスペースで飲み物を頼むともらえる(火曜日),フェスサークルギフトショップよろずデパートで購入,,,,13,TRUE
170,いでんしのくさび,キュレムとゼクロムを合体させてブラックキュレムに、キュレムとレシラムを合体させてホワイトキュレムにフォルムチェンジさせる。,,エーテルパラダイス?B2Fラボエリアの左側の研究室で職員からもらう(殿堂入り後),,,,,,12,TRUE
171,イナズマカセット,ゲノセクトに持たせるとわざ「テクノバスター」がでんきタイプになる。,,アーカラ島?8番道路?エーテルベースの前にいるアクロマからもらう(殿堂入り後),,,,,,15,TRUE
172,いのちのたま,持たせるとわざの威力が1.3倍になるが、わざが当たったときに最大HPの1/10のダメージを受ける。,,ポニ島?エンドケイブで拾う,バトルツリーBP景品アイテム(48BP),,,,,15,TRUE
173,いましめのツボ,いましめられたフーパに使うと3日間だけときはなたれたフーパにフォルムチェンジする。,,エーテルパラダイス?B2Fラボエリアの左側の研究室で職員からもらう(殿堂入り後),,,,,,12,TRUE
174,いわのジュエル,持たせると一度だけいわタイプのわざの威力が1.3倍になる(BW・BW2)。,,現時点ではサン・ムーンで入手不可,,,,,,15,FALSE
175,インドメタシン,素早さの努力値を10だけ上げる。,(努力値100以上だと無効),アーカラ島?6番道路で拾う(隠しアイテム),ポニ島?ポニの広野で拾う,ホクラニ岳のフレンドリィショップで購入(10000円),ロイヤルドームBP景品アイテム(2BP),フェスサークルホラーハウスで入手,フェスサークルギフトショップくすりやで購入,6,TRUE
176,ウオーターメモリ,シルヴァディに持たせるとみずタイプになる。,,エーテルパラダイス2F保護区の北側でグラジオからもらう(殿堂入り後),,,,,,15,TRUE
177,うしおのおこう,持たせるとみずタイプのわざの威力が1.2倍になる。,マリルやマリルリに持たせて預かり屋に預けるとルリリのタマゴを持ってくることがある。,アーカラ島?コニコシティの御香屋で購入(2000円),,,,,,15,TRUE
178,うすもものミツ,オドリドリに使うと「ふらふらスタイル」にフォルムチェンジする。,,アーカラ島?ロイヤルアベニューの花壇で拾う(昼),,,,,,12,TRUE
179,うつしかがみ,トルネロス・ボルトロス・ランドロスに使うと「れいじゅうフォルム」から「けしんフォルム」(またはその逆)にフォルムチェンジする。,,アーカラ島?カンタイシティ?空間研究所にいるバーネット博士からもらう(ライチの大試練達成後),,,,,,12,TRUE
180,ウルトラボール,ウルトラビースト捕獲専用のボール。,,ウルトラビースト捕獲任務でハンサムやビッケからもらう(殿堂入り後),,,,,,10,TRUE
181,エスパージュエル,持たせると一度だけエスパータイプのわざの威力が1.3倍になる(BW・BW2)。,,現時点ではサン・ムーンで入手不可,,,,,,15,FALSE
182,エネコのしっぽ,野生ポケモンから必ず逃げられる。,,現時点ではサン・ムーンで入手不可,,,,,,8,FALSE
183,エフェクトガード,5ターンの間、味方の能力のランクを下げられなくする。,,ウラウラ島?13番道路で拾う,ポニ島?ポニの険路で拾う,ハウオリシティ、2番道路、8番道路のフレンドリィショップで購入(1500円),フェスサークルギフトショップバトルストアで購入,,,8,TRUE
184,エレキシード,持たせると場がエレキフィールドのときに防御のランクが1段階上がる。,,メレメレ島?マハロ山道で拾う(殿堂入り後),野生のトゲデマルが持っていることがある,,,,,15,TRUE
185,エレキブースター,エレブーに持たせて通信交換するとエレキブルに進化する。,,ポニ島?海の民の村?ハンテール船の中にいる男性とペリッパーの会話を聞いた後にもらえる,バトルツリーBP景品アイテム(32BP),野生のエレブー、エレキッドが持っていることがある,,,,14,TRUE
186,エレクトロメモリ,シルヴァディに持たせるとでんきタイプになる。,,エーテルパラダイス2F保護区の北側でグラジオからもらう(殿堂入り後),,,,,,15,TRUE
187,おいしいみず,HPを30回復する。,,メレメレ島?ハウオリシティで拾う(隠しアイテム),メレメレ島?ハウオリシティ?メレメレ乗船所にある自販機で購入(200円),アーカラ島?オハナタウンで拾う(隠しアイテム),アーカラ島?オハナ牧場で拾う(隠しアイテム),各地の自販機で購入(200円),その他,13,TRUE
188,おうじゃのしるし,持たせると相手にダメージを与えたとき10%の確率でひるませる。,ニョロゾ、ヤドンに持たせて通信交換するとニョロトノ、ヤドキングに進化する。,メレメレ島?1番道路?トレーナーズスクール3Fの教室前でカラテおうを倒し、教室内で校長を倒すともらえる(殿堂入り後),バトルツリーBP景品アイテム(32BP),野生のニョロゾ、ニョロボン、ヤドラン、野生のニョロトノ、ヤドキング、ハリテヤマが持っていることがある,,,,15,TRUE
189,おおきいマラサダ,状態異常を全て回復する。,,ハウオリシティ、ロイヤルアベニュー、マリエシティにあるマラサダショップで購入(350円),,,,,,13,TRUE
190,おおきなキノコ,フレンドリィショップで2500円で売れる。,,メレメレ島?ハウオリ霊園で拾う,メレメレ島?きのみ畑で拾う,メレメレ島?ハウオリシティ?ショッピングモール内にあるバトルバイキングの景品,アーカラ島?カンタイシティで拾う(スイレン試練達成後),野生のパラス、ネマシュが持っていることがある,その他,16,TRUE
191,おおきなしんじゅ,フレンドリィショップで3750円で売れる。,,メレメレ島?カーラエ湾で拾う(隠しアイテム),アーカラ島?8番道路で拾う,アーカラ島?コニコシティで拾う(隠しアイテム・要カイリキー),野生のコソクムシ、ホエルコ(水上の水しぶき)、ホエルオー(水上の水しぶき)とバトル後にフィールドに落ちていることがある,野生のシェルダーが持っていることがある,その他,16,TRUE
192,おおきなねっこ,持たせるとHPを吸いとるわざで回復する量が1.3倍になる。,,アーカラ島?シェードジャングルで拾う,野生のディグダ(砂煙)、ダグトリオ(砂煙)とバトル後にフィールドに落ちていることがある,,,,,15,TRUE
193,おだんごしんじゅ,フレンドリィショップで7500円で売れる。,,アーカラ島?ハノハノビーチで拾う(要ラプラス),ポニ島?ポニの原野で拾う(要ラプラス),特性「ものひろい」のポケモンが拾ってくることがある,ポケリゾートどきどきリゾートでポケモンが拾ってくることがある,メレメレ島各地の釣りスポットで釣れることがある,,16,TRUE
194,おはなのおこう,持たせるとくさタイプのわざの威力が1.2倍になる。,ロゼリアやロズレイドに持たせて預かり屋に預けるとスボミーのタマゴを持ってくることがある。,アーカラ島?コニコシティの御香屋で購入(2000円),,,,,,15,TRUE
195,おまもりこばん,持たせたポケモンをバトルに出すともらえる賞金が2倍になる。,,アーカラ島?オハナ牧場で拾う,,,,,,15,TRUE
196,かいがらのすず,持たせると与えたダメージの1/8だけHPが回復する。,,メレメレ島?ハウオリシティハウオリ役所の受付の女性に話しかけると近くにいるデリバードからもらえる(ハラの大試練達成後),ロイヤルドームBP景品アイテム(48BP),,,,,15,TRUE
197,かいのカセキ,アーカラ島8番道路にある化石復元所でオムナイトに復元してもらえる。,,現時点ではサン・ムーンで入手不可,,,,,,11,FALSE
198,かいふくのくすり,HPと状態異常を全回復する。,,ウラウラ島?ラナキラマウンテンで拾う,ポニ島?ポニの大峡谷で拾う(要カイリキー),エーテルパラダイスで拾う,特性「ものひろい」のポケモンが拾ってくることがある,,,13,TRUE
199,かえんだま,持たせると戦闘中にやけど状態になる。,,ウラウラ島?ウラウラの花園?エリア内にいるトレーナーを3人全て倒した後、南入口にいるゴルファーとのバトルに勝利するともらえる,バトルツリーBP景品アイテム(16BP),,,,,15,TRUE
200,かおるキノコ,フレンドリィショップで6250円で売れる。,,特性「ものひろい」のポケモンが拾ってくることがある,,,,,,16,TRUE
201,かがやくいし,カプ・コケコが落としていった光り輝く石。ハラに渡すとZリングにしてもらえる。,,メレメレ島?マハロ山道でリーリエからもらう,,,,,,5,TRUE
202,がくしゅうそうち,スイッチをオンにしておくと、手持ちのバトルに出ていないポケモンも経験値をもらえる。,,メレメレ島?1番道路トレーナーズスクールでククイ博士からもらう,,,,,,5,TRUE
203,かくとうジュエル,持たせると一度だけかくとうタイプのわざの威力が1.3倍になる(BW・BW2)。,,現時点ではサン・ムーンで入手不可,,,,,,15,FALSE
204,かたいいし,持たせるといわタイプのわざの威力が1.2倍になる。,,メレメレ島?テンカラットヒルで拾う,フェスサークルホラーハウスで入手,ポケリゾートどきどきリゾートでポケモンが拾ってくることがある,野生のダンゴロ、ガントルが持っていることがある,,,15,TRUE
205,かなめいし,ミカルゲを封印した石。,,現時点ではサン・ムーンで入手不可,,,,,,5,FALSE
206,かみなりのいし,ピカチュウ、イーブイ、シビビールを進化させる。,,アーカラ島?8番道路?化石復元所で拾う,アーカラ島?コニコシティにあるライチのジュエリーショップで購入(3000円),ポケリゾートどきどきリゾートでポケモンが拾ってくることがある,,,,14,TRUE
207,がらつきポケマメ,ポケリゾート開発に使うタネ。少し珍しいポケマメ。ポリフレでポケモンに与えるとなかよし度が上がる。,,ポケリゾートのびのびリゾートのポケマメツリーから収穫する,フェスサークルホラーハウスで入手,,,,,7,TRUE
208,かるいし,持たせるとポケモンの重さが半分になる。,,ロイヤルドームBP景品アイテム(48BP),ポケリゾートどきどきリゾートでポケモンが拾ってくることがある,,,,,15,TRUE
209,かわらずのいし,持たせると進化しなくなる。,,メレメレ島?ハウオリシティ?イリマの家でイリマとバトル後にもらえる(ハラの大試練達成後),ロイヤルドームBP景品アイテム(16BP),ポケリゾートどきどきリゾートでポケモンが拾ってくることがある,野生のダンゴロ、ガントルが持っていることがある,,,14,TRUE
210,がんせきおこう,持たせるといわタイプのわざの威力が1.2倍になる。,ウソッキーに持たせて預かり屋に預けるとウソハチのタマゴを持ってくることがある。,アーカラ島?コニコシティの御香屋で購入(2000円),,,,,,15,TRUE
211,がんせきプレート,持たせるといわタイプのわざの威力が1.2倍になる。,アルセウスに持たせるといわタイプになる。,メレメレ島?ハウオリシティ?ショッピングモールにあるアンティーク セレクトショップ YOROZUで購入(10000円・クチナシの大試練達成後),,,,,,15,TRUE
212,きあいのタスキ,持たせるとHP全快から一撃でひんしなるようなわざを受けても一度だけHPが1残る,,ポニ島?ポニの原野?エリア内のトレーナー全てを倒した後、マップ南西端にいるダンサーのユリアとのバトルに勝利するともらえる,バトルツリーBP景品アイテム(32BP),,,,,15,TRUE
213,きあいのハチマキ,持たせるとひんしになるようなわざを受けても10%の確率でHPが1残る。,,アーカラ島?9番道路交番にいるブルーと話した後、ブルーの隣に来た警官からもらう(ライチの大試練達成後),野生のワンリキーが持っていることがある,,,,,15,TRUE
214,キーストーン,ポケモンに持たせたメガストーンと反応してポケモンをメガシンカさせる。,,ポニ島?ポニの古道でデクシオとのバトル後にもらえる(殿堂入り後),,,,,,5,TRUE
215,きいろいかけら,フェスサークルのお城にいるおじさんに30コ渡すと「ぎんのおうかん」と交換してくれる。,,ポケリゾートどきどきリゾートでポケモンが拾ってくることがある,,,,,,9,TRUE
216,きいろいバンダナ,ポケモンのたくましさコンディションが上がる(ORAS)。,,現時点ではサン・ムーンで入手不可,,,,,,4,FALSE
217,きいろビードロ,こんらん状態を回復する(ORAS)。,,現時点ではサン・ムーンで入手不可,,,,,,13,FALSE
218,キズぐすり,HPを20回復する。,,メレメレ島?1番道路で拾う,メレメレ島?1番道路でククイ博士からポケモンの捕まえ方を教えてもらった後にもらう,メレメレ島?ハウオリシティ?初めて訪れた時に町の入口付近にいる女性からもらう,特性「ものひろい」のポケモンが拾ってくることがある,各地のフレンドリィショップで購入(200円),ロイヤルアベニューにあるスーパー・メガやすで購入(100円),13,TRUE
219,きせきのタネ,持たせるとくさタイプのわざの威力が1.2倍になる。,,アーカラ島?8番道路で拾う,野生のカリキリが持っていることがある,,,,,15,TRUE
220,きちょうなホネ,フレンドリィショップで5000円で売れる。,,ウラウラ島?マリエ庭園で拾う(隠しアイテム),ポケリゾートどきどきリゾートでポケモンが拾ってくることがある,,,,,16,TRUE
221,キトサン,特防の努力値を10だけ上げる。,(努力値100以上だと無効),ウラウラ島?ホテリ山で拾う(隠しアイテム),ホクラニ岳のフレンドリィショップで購入(10000円),ロイヤルドームBP景品アイテム(2BP),フェスサークルホラーハウスで入手,フェスサークルギフトショップくすりやで購入,,6,TRUE
222,きのみジュース,HPを20回復する。,,フェスサークルくじ屋の景品,,,,,,13,TRUE
223,きゅうこん,持たせるとみずタイプのわざを受けたときに特攻のランクが1段階上がる。,,野生のモンメン、チュリネが持っていることがある,野生のモンメン(揺れる木)、チュリネ(揺れる木)とバトル後にフィールドに落ちていることがある,,,,,15,TRUE
224,きょうせいギプス,持たせると素早さが半減するが努力値が2倍入る。,,現時点ではサン・ムーンで入手不可,,,,,,6,FALSE
225,きよめのおこう,手持ちの先頭のポケモンに持たせると野生ポケモンと出会う確率が2/3になる。,チリーンに持たせて預かり屋に預けるとリーシャンのタマゴを持ってくることがある。,アーカラ島?コニコシティの御香屋で購入(6000円),,,,,,8,TRUE
226,きよめのおふだ,手持ちの先頭のポケモンに持たせると野生ポケモンと出会う確率が2/3になる。,,アーカラ島?メモリアルヒルで拾う,,,,,,8,TRUE
227,きれいなウロコ,ヒンバスに持たせて通信交換するとミロカロスに進化する。,,ポニ島?ナッシーアイランドで拾う,ウラウラ島各地の釣りスポットで釣れることがある,特性「ものひろい」のポケモンが拾ってくることがある,,,,14,TRUE
228,きれいなぬけがら,持たせると控えポケモンと必ず交代できる。,,野生のヌメラ、ヌメイルが持っていることがある,,,,,,15,TRUE
229,きれいなハネ,フレンドリィショップで100円で売れる。,,野生のキャモメ、ペリッパーが持っていることがある,野生のオニスズメ(鳥の影)、ワシボン(鳥の影)、バルチャイ(鳥の影)とバトル後にフィールドに落ちていることがある,,,,,16,TRUE
230,きんのおうかん,ハウオリシティショッピングモールにいるすごいオヤジに渡すとすごいとっくんを受けることができ、ポケモン1匹の個体値を全て最高(6V)にしてもらえる。,,攻略本『ポケットモンスター サン・ムーン 公式ガイドブック 上・下セット 完全ストーリー攻略+完全アローラ図鑑』の購入特典,フェスサークルくじ屋の景品,ポケリゾートどきどきリゾートでポケモンが拾ってくることがある,,,,5,TRUE
231,ぎんのおうかん,ハウオリシティショッピングモールにいるすごいオヤジに渡すとすごいとっくんを受けることができ、ポケモン1匹の個体値を1つを最高(V)にしてもらえる。,,ポニ島?ポニの険路?キャプテン マツリカとのバトルに勝利するともらえる(殿堂入り後),ポニ島各地の釣りスポットで釣れることがある,フェスサークルくじ屋の景品,フェスサークルホラーハウスで入手,「ジャンプフェスタ2017」開催期間中にポケモンブースで限定配布,その他,5,TRUE
232,ぎんのこな,持たせるとむしタイプのわざの威力が1.2倍になる。,,メレメレ島?きのみ畑で拾う,野生のバタフリー、アメモースが持っていることがある,,,,,15,TRUE
233,きんのたま,フレンドリィショップで5000円で売れる。,,メレメレ島?1番道路で拾う(要ケンタロス),メレメレ島?テンカラットヒルで拾う,アーカラ島?5番道路で拾う(隠しアイテム),アーカラ島?ディグダトンネルで拾う(隠しアイテム),ウラウラ島?マリエシティで拾う,その他,16,TRUE
234,きんりょくのハネ,攻撃の努力値を1だけ上げる。,(努力値101以上でも有効),野生のウォーグル(鳥の影)、バルジーナ(鳥の影)とバトル後にフィールドに落ちていることがある,,,,,,6,TRUE
235,クイックボール,バトルが始まってすぐだと捕まえやすい。,,アーカラ島?オハナタウン?カキの家2階の廊下の一番手前の右側にいるブーバーからもらう,アーカラ島?ヴェラ火山公園?試練達成後にキャプテン カキからもらう,ウラウラ島?11番道路で拾う,8番道路のフレンドリィショップで購入(1000円),フェスサークルギフトショップボール屋で購入,,10,TRUE
236,くさのジュエル,持たせると一度だけくさのタイプのわざの威力が1.3倍になる(BW・BW2)。,,現時点ではサン・ムーンで入手不可,,,,,,15,FALSE
237,くっつきバリ,持たせると毎ターン最大HPの1/8のダメージを受ける。,直接攻撃をしてきた相手にくっついて移ることもある。,ポニ島各地の釣りスポットで釣れることがある,,,,,,15,TRUE
238,グラウンドメモリ,シルヴァディに持たせるとじめんタイプになる。,,エーテルパラダイス2F保護区の北側でグラジオからもらう(殿堂入り後),,,,,,15,TRUE
239,グラシデアのはな,昼にシェイミに使うとランドフォルムからスカイフォルムにフォルムチェンジする。,,メレメレ島?ハウオリシティショッピングモール1階にある服屋グラシデアのカウンター奥側にいる女性からもらう(ハラの大試練達成後),,,,,,12,TRUE
240,グラスシード,持たせると場がグラスフィールドのときに防御のランクが1段階上がる。,,ウラウラ島?マリエ庭園で拾う,野生のアマカジが持っていることがある,,,,,15,TRUE
241,グラスメモリ,シルヴァディに持たせるとくさタイプになる。,,エーテルパラダイス2F保護区の北側でグラジオからもらう(殿堂入り後),,,,,,15,TRUE
242,グランドコート,持たせるとフィールド系のわざや特性の効果が5ターンから8ターンに長くなる。,,ポニ島?エンドケイブで拾う,バトルツリーBP景品アイテム(48BP),,,,,15,TRUE
243,クリティカット,急所率のランクを1段階上げる。,,アーカラ島?4番道路で拾う(隠しアイテム),アーカラ島?オハナタウン?初めて来たとき、ハウとバトル後にもらう,アーカラ島?5番道路?ポケモンセンター内の受付右にいる釣り人からもらう,ウラウラ島?17番道路で拾う(隠しアイテム),ハウオリシティ、2番道路、8番道路のフレンドリィショップで購入(1000円),フェスサークルギフトショップバトルストアで購入,17,TRUE
244,くれないのミツ,オドリドリに使うと「めらめらスタイル」にフォルムチェンジする。,,ウラウラ島?ウラウラの花園で拾う,,,,,,12,TRUE
245,くろいてっきゅう,持たせると素早さが半減する。,特性「ふゆう」やひこうタイプのポケモンに持たせるとじめんタイプのわざが当たるようになる。,バトルツリーBP景品アイテム(16BP),,,,,,15,TRUE
246,くろいビードロ,使うとレベルの高い野生ポケモンと出会いやすくなる(ORAS)。,,現時点ではサン・ムーンで入手不可,,,,,,8,FALSE
247,くろいヘドロ,どくタイプのポケモンに持たせると毎ターン最大HPの1/16だけ回復し、どくタイプ以外のポケモンに持たせると毎ターン最大HPの1/8のダメージを受ける。,,野生のベトベター、ダストダスが持っていることがある,,,,,,15,TRUE
248,くろいメガネ,持たせるとあくタイプのわざの威力が1.2倍になる。,,アーカラ島?ハノハノビーチで拾う(要ラプラス),野生のメグロコが持っていることがある,野生のメグロコ(砂煙)とバトル後にフィールドに落ちていることがある,,,,15,TRUE
249,くろおび,持たせるとかくとうタイプのわざの威力が1.2倍になる。,,野生のマクノシタが持っていることがある,野生のハリテヤマ(揺れる草)とバトル後にフィールドに落ちていることがある,,,,,15,TRUE
250,けむりだま,持たせると野生ポケモンから必ず逃げられる。,,ウラウラ島?ポータウンで拾う,野生のヤトウモリが持っていることがある,,,,,15,TRUE
251,げんきのかけら,ひんし状態からHP半分まで回復する。,,メレメレ島?ハウオリシティで拾う,メレメレ島?ハウオリシティ?ハウオリ役所にいる女性からもらう,メレメレ島?2番道路で拾う,メレメレ島?2番道路?ハウと一緒にポケモンセンターに入ったときもらう,各地のフレンドリィショップで購入(2000円),その他,13,TRUE
252,げんきのかたまり,ひんし状態からHP全快まで回復する。,,メレメレ島?ハウオリシティ?ショッピングモール内にあるバトルバイキングの景品,アーカラ島?シェードジャングルで拾う,アーカラ島?ディグダトンネル?ディグダトンネル内にいる他のトレーナー3人を全て倒した後、カンタイシティ側入口から少し進んだところにいるカラテおうのレツジとバトル後にもらえる,ウラウラ島?いかがわしき屋敷で拾う,ウラウラ島?ラナキラマウンテン?出口付近でハウとバトル後にもらう,その他,13,TRUE
253,こううんのおこう,持たせたポケモンをバトルに出すともらえる賞金が2倍になる。,ラッキーやハピナスに持たせて預かり屋に預けるとピンプクのタマゴを持ってくることがある。,アーカラ島?コニコシティの御香屋で購入(11000円),,,,,,15,TRUE
254,こうかくレンズ,持たせるとわざの命中率が1.1倍になる。,,メレメレ島?1番道路?ポケモン研究所前の砂浜にいるサニーゴを調べた後、飼い主の女性からもらう(スイレンの試練達成後),野生のヤミラミが持っていることがある,,,,,15,TRUE
255,こうこうのしっぽ,持たせると必ず後攻になる。,,野生のヤドンが持っていることがある,,,,,,15,TRUE
256,こうてつプレート,持たせるとはがねタイプのわざの威力が1.2倍になる。,アルセウスに持たせるとはがねタイプになる。,メレメレ島?ハウオリシティ?ショッピングモールにあるアンティーク セレクトショップ YOROZUで購入(10000円・クチナシの大試練達成後),,,,,,15,TRUE
257,こうらのカセキ,アーカラ島8番道路にある化石復元所でカブトに復元してもらえる。,,現時点ではサン・ムーンで入手不可,,,,,,11,FALSE
258,ゴージャスボール,捕まえたポケモンがなつきやすい。,,ウラウラ島?マリエ庭園で拾う,ウラウラ島?15番水道?エーテルハウス前でスカル団のしたっぱとバトル後にリーリエからもらう,2番道路のフレンドリィショップで購入(1000円),,,,10,TRUE
259,ゴーストジュエル,持たせると一度だけゴーストタイプのわざの威力が1.3倍になる(BW・BW2)。,,現時点ではサン・ムーンで入手不可,,,,,,15,FALSE
260,ゴーストメモリ,シルヴァディに持たせるとゴーストタイプになる。,,エーテルパラダイス2F保護区の北側でグラジオからもらう(殿堂入り後),,,,,,15,TRUE
261,こおりなおし,こおり状態を回復する。,,各地のフレンドリィショップで購入(100円),ロイヤルアベニューにあるスーパー・メガやすで購入(50円),,,,,13,TRUE
262,こおりのいし,サンド(アローラのすがた)、ロコン(アローラのすがた)を進化させる。,,ウラウラ島?ポータウンで拾う,ポケリゾートどきどきリゾートでポケモンが拾ってくることがある,,,,,14,TRUE
263,こおりのジュエル,持たせると一度だけこおりタイプのわざの威力が1.3倍になる(BW・BW2)。,,現時点ではサン・ムーンで入手不可,,,,,,15,FALSE
264,ゴールドスプレー,使うと250歩の間手持ちの先頭ポケモンよりレベルの低い野生ポケモンと出会わなくなる。,,アーカラ島?せせらぎの丘で拾う(隠しアイテム),アーカラ島?7番道路(要ラプラス),アーカラ島?8番道路で拾う(隠しアイテム),フェスサークルギフトショップバトルストアで購入,各地のフレンドリィショップで購入(900円),その他,8,TRUE
265,こころのしずく,ラティアス、ラティオスに持たせるとドラゴンタイプとエスパータイプのわざの威力が1.2倍になる。,,エーテルパラダイス?B2Fラボエリアの左側の研究室で職員からもらう(殿堂入り後),,,,,,15,TRUE
266,コスメポーチ,コスメを入れておける便利なポーチ。,,メレメレ島?ハウオリシティ?ブティック前でリーリエからもらう(女の子主人公限定),,,,,,5,TRUE
267,こだわりスカーフ,持たせると同じわざしか出せなくなるが素早さが1.5倍になる。,,バトルツリーBP景品アイテム(48BP),,,,,,15,TRUE
268,こだわりハチマキ,持たせると同じわざしか出せなくなるが攻撃が1.5倍になる。,,バトルツリーBP景品アイテム(48BP),,,,,,15,TRUE
269,こだわりメガネ,持たせると同じわざしか出せなくなるが特攻が1.5倍になる。,,バトルツリーBP景品アイテム(48BP),,,,,,15,TRUE
270,ゴツゴツメット,直接わざを受けると、相手に最大HPの1/8のダメージを与える。,,バトルツリーBP景品アイテム(48BP),,,,,,15,TRUE
271,こぶしのプレート,持たせるとかくとうタイプのわざの威力が1.2倍になる。,アルセウスに持たせるとかくとうタイプになる。,メレメレ島?ハウオリシティ?ショッピングモールにあるアンティーク セレクトショップ YOROZUで購入(10000円・クチナシの大試練達成後),,,,,,15,TRUE
272,こわもてプレート,持たせるとあくタイプのわざの威力が1.2倍になる。,アルセウスに持たせるとあくタイプになる。,メレメレ島?ハウオリシティ?ショッピングモールにあるアンティーク セレクトショップ YOROZUで購入(10000円・クチナシの大試練達成後),,,,,,15,TRUE
273,こんごうだま,ディアルガに持たせるとドラゴンタイプとはがねタイプのわざの威力が1.2倍になる。,,メレメレ島?ハウオリシティ?ショッピングモールにあるアンティーク セレクトショップ YOROZUで購入(10000円),,,,,,15,TRUE
274,サイキックメモリ,シルヴァディに持たせるとエスパータイプになる。,,エーテルパラダイス2F保護区の北側でグラジオからもらう(殿堂入り後),,,,,,15,TRUE
275,サイコシード,持たせると場がサイコフィールドのときに防御のランクが1段階上がる。,,野生のタマタマが持っていることがある,,,,,,15,TRUE
276,サイコソーダ,HPを50回復する。,,アーカラ島?オハナ牧場で拾う(隠しアイテム),アーカラ島?ロイヤルアベニューで拾う(隠しアイテム),アーカラ島?ハノハノビーチ?ビーチ東に立っているビキニのおねえさんからもらう,アーカラ島?ハノハノビーチで拾う(隠しアイテム),各地の自販機で購入(300円),その他,13,TRUE
277,さざなみのおこう,持たせるとみずタイプのわざの威力が1.2倍になる。,マンタインに持たせて預かり屋に預けるとタマンタのタマゴを持ってくることがある。,アーカラ島?コニコシティの御香屋で購入(2000円),,,,,,15,TRUE
278,さらさらいわ,持たせると「すなあらし」を使ったときに天気がすなあらし状態になる時間が5ターンから8ターンに長くなる。,,ウラウラ島?マリエシティ?マリエ地域センターにいる女性の天候クイズに答えるともらえる,ロイヤルドームBP景品アイテム(48BP),,,,,15,TRUE
279,しあわせタマゴ,持たせると戦闘でもらえる経験値が1.2倍になる。,,メレメレ島?1番道路?ポケモン図鑑の登録数を50以上にしてポケモン研究所にいるククイ博士に話すともらえる,,,,,,15,TRUE
280,ジガルデキューブ,各地に散らばるジガルデのコアとセルを集めるための道具。ジガルデに特別な技を教えることもできる。,,アーカラ島?カンタイシティでデクシオ(サン版)/ジーナ(ムーン版)からもらう,,,,,,5,TRUE
281,じしゃく,持たせるとでんきタイプのわざの威力が1.2倍になる。,,野生のノズパスが持っていることがある,,,,,,15,TRUE
282,しずくプレート,持たせるとみずタイプのわざの威力が1.2倍になる。,アルセウスに持たせるとみずタイプになる。,メレメレ島?ハウオリシティ?ショッピングモールにあるアンティーク セレクトショップ YOROZUで購入(10000円・クチナシの大試練達成後),,,,,,15,TRUE
283,しまめぐりのあかし,アローラの島々を巡り、試練に挑戦している者の証。,,メレメレ島?1番道路?ポケモン研究所でククイ博士からもらう,,,,,,5,TRUE
284,しめつけバンド,持たせると数ターン持続するわざで与えるダメージが2倍になる。,,ロイヤルドームBP景品アイテム(48BP),,,,,,15,TRUE
285,しめったいわ,持たせると「あまごい」を使ったときに天気があめ状態になる時間が5ターンから8ターンに長くなる。,,ウラウラ島?マリエシティ?マリエ地域センターにいる女性の天候クイズに答えるともらえる,ロイヤルドームBP景品アイテム(48BP),,,,,15,TRUE
286,じめんのジュエル,持たせると一度だけじめんタイプのわざの威力が1.3倍になる。,,現時点ではサン・ムーンで入手不可,,,,,,15,FALSE
287,じゃくてんほけん,持たせると弱点を突かれたときに攻撃と特攻のランクが2段階上がる。,,バトルツリーBP景品アイテム(32BP),,,,,,15,TRUE
288,シャラサブレ,状態異常を全て回復する。,,ポケモンセンター内にあるカフェスペースで飲み物を頼むともらえる(金曜日),フェスサークルギフトショップよろずデパートで購入,,,,,13,TRUE
289,じゅうでんち,持たせるとでんきタイプのわざを受けたときに攻撃のランクが1段階上がる。,,野生のイシツブテ、ゴローン、デンヂムシが持っていることがある,野生のエモンガ(揺れる木)とバトル後にフィールドに落ちていることがある,,,,,15,TRUE
290,しゅんぱつのハネ,素早さの努力値を1だけ上げる。,(努力値101以上でも有効),野生のオニドリル(揺れる木・鳥の影)とバトル後にフィールドに落ちていることがある,,,,,,6,TRUE
291,しらたま,パルキアに持たせるとドラゴンタイプとみずタイプのわざの威力が1.2倍になる。,,メレメレ島?ハウオリシティ?ショッピングモールにあるアンティーク セレクトショップ YOROZUで購入(10000円),,,,,,15,TRUE
292,シルクのスカーフ,持たせるとノーマルタイプのわざの威力が1.2倍になる。,,メレメレ島?ハウオリシティ?ブティック前にいる女性からもらう,野生のヤブクロン、ダストダスが持っていることがある,,,,,15,TRUE
293,シルバースプレー,使うと200歩の間手持ちの先頭ポケモンよりレベルの低い野生ポケモンと出会わなくなる。,,メレメレ島?メレメレ海(要ラプラス),アーカラ島?オハナタウンで拾う(隠しアイテム),アーカラ島?オハナ牧場で拾う(隠しアイテム),アーカラ島?メモリアルヒルで拾う(隠しアイテム),各地のフレンドリィショップで購入(700円),,8,TRUE
294,しろいハーブ,持たせると一度だけ下がった能力が元に戻る。,,バトルツリーBP景品アイテム(24BP),,,,,,15,TRUE
295,しろいビードロ,使うとレベルの低い野生ポケモンと出会いやすくなる(ORAS)。,,現時点ではサン・ムーンで入手不可,,,,,,15,FALSE
296,しんかいのウロコ,パールルに持たせると特防が2倍になる。,パールルに持たせて通信交換するとサクラビスに進化する。,バトルツリーBP景品アイテム(32BP),野生のチョンチー、ジーランスが持っていることがある,,,,,15,TRUE
297,しんかいのキバ,パールルに持たせると特攻が2倍になる。,パールルに持たせて通信交換するとハンテールに進化する。,バトルツリーBP景品アイテム(32BP),野生のサメハダーが持っていることがある,,,,,15,TRUE
298,しんかのきせき,進化前のポケモンに持たせると、防御・特防のステータスが1.5倍になる。,,アーカラ島?コニコシティで拾う,,,,,,15,TRUE
299,しんじゅ,フレンドリィショップで700円で売れる。,,メレメレ島?1番道路で拾う(隠しアイテム),メレメレ島?ハウオリシティで拾う(隠しアイテム),メレメレ島?カーラエ湾で拾う(隠しアイテム),アーカラ島?7番道路(隠しアイテム・要ラプラス),アーカラ島?ハノハノビーチで拾う(隠しアイテム),その他,16,TRUE
300,しんぴのしずく,持たせるとみずタイプのわざの威力が1.2倍になる。,,アーカラ島?オハナ牧場?南東にいるウソッキーに「ミズZ」を見せてどかした後、近くにいる少年からもらう(スイレンの試練達成後),野生のトサキント、アズマオウ、ラプラス、ポワルン、シズクモ、オニシズクモが持っていることがある,,,,,15,TRUE
301,すいせいのかけら,フレンドリィショップで15000円で売れる。,,ウラウラ島?ホクラニ岳?天文台の受付に話しかけるともらえる,ウラウラ島?ハイナ砂漠で拾う(要バンバドロ),ポニ島?ポニの海岸で拾う(要ケンタロス),ポケリゾートどきどきリゾートでポケモンが拾ってくることがある,各地の岩をケンタロス、サメハダーで壊すと落ちていることがある,,16,TRUE
302,スーパーボール,モンスターボールよりポケモンを捕まえやすい。,,メレメレ島?1番道路で拾う(隠しアイテム),メレメレ島?1番道路?トレーナーズスクールで先生とバトル後にもらえる,メレメレ島?ハウオリシティ?ショッピングモールでアローラ・ライドショーを最後まで見た後にもらえる(ハラの大試練達成後・昼限定),メレメレ島?ハウオリ霊園で拾う(隠しアイテム),各地のフレンドリィショップで購入(600円),その他,10,TRUE
303,ずがいのカセキ,アーカラ島8番道路にある化石復元所でズガイドスに復元してもらえる。,,アーカラ島?コニコシティにあるライチのジュエリーショップで購入(7000円・サン版限定),,,,,,11,TRUE
304,すごいキズぐすり,HPを120回復する。,,アーカラ島?5番道路で拾う,アーカラ島?ヴェラ火山公園で拾う,アーカラ島?8番道路で拾う,アーカラ島?シェードジャングルで拾う(隠しアイテム),各地のフレンドリィショップで購入(1500円),その他,13,TRUE
305,スチールメモリ,シルヴァディに持たせるとはがねタイプになる。,,エーテルパラダイス2F保護区の北側でグラジオからもらう(殿堂入り後),,,,,,15,TRUE
306,スピーダー,素早さのランクを2段階上げる。,,アーカラ島?6番道路で拾う(隠しアイテム),ウラウラ島?マリエシティで拾う,ハウオリシティ、2番道路、8番道路のフレンドリィショップで購入(1000円),フェスサークルギフトショップバトルストアで購入,,,17,TRUE
307,スピードパウダー,メタモンに持たせると素早さが2倍になる。,,野生のメタモンが持っていることがある,,,,,,15,TRUE
308,スピードボール,素早いポケモンを捕まえやすい。ガンテツ製のボール。,,ウラウラ島?ホクラニ岳で拾う,,,,,,10,TRUE
309,スペシャルアップ,特攻のランクを2段階上げる。,,アーカラ島?せせらぎの丘で拾う,アーカラ島?シェードジャングルで拾う(隠しアイテム),ポニ島?ポニの大峡谷で拾う(隠しアイテム),ポニ島?ポニの樹林で拾う,エーテルパラダイスで拾う,その他,17,TRUE
310,スペシャルガード,特防のランクを2段階上げる。,,ウラウラ島?ウラウラの花園で拾う,ハウオリシティ、2番道路、8番道路のフレンドリィショップで購入(2000円),フェスサークルギフトショップバトルストアで購入,,,,17,TRUE
311,するどいキバ,持たせると相手にダメージを与えたとき10%の確率でひるませる。,グライガーに持たせて夜にレベルアップさせるとグライオンに進化する。,野生のハギギシリが持っていることがある,,,,,,15,TRUE
312,するどいくちばし,持たせるとひこうタイプのわざの威力が1.2倍になる。,,メレメレ島?3番道路で拾う,野生のオニスズメ、オニドリルが持っていることがある,野生のオニスズメ(鳥の影)、オニドリル(揺れる木・鳥の影)とバトル後にフィールドに落ちていることがある,,,,15,TRUE
313,するどいツメ,持たせると急ツメ所率のランクが1段階上がり急所に当たりやすくなる。,ニューラに持たせて夜にレベルアップさせるとマニューラに進化する。,野生のジャラコ、ジャランゴ、ジャラランガが持っていることがある,,,,,,15,TRUE
314,せいしんのハネ,特防の努力値を1だけ上げる。,(努力値101以上でも有効),野生のエアームド(揺れる木)とバトル後にフィールドに落ちていることがある,,,,,,6,TRUE
315,せいなるはい,ひんしポケモン全員をHP全快まで回復する。,,フェスサークルホラーハウスで入手,,,,,,13,TRUE
316,せいれいプレート,持たせるとフェアリータイプのわざの威力が1.2倍になる。,アルセウスに持たせるとフェアリータイプになる。,メレメレ島?ハウオリシティ?ショッピングモールにあるアンティーク セレクトショップ YOROZUで購入(10000円・クチナシの大試練達成後),,,,,,15,TRUE
317,Zリング,ポケモンに持たせたZクリスタルと反応してZワザを使えるようにする腕輪。,,メレメレ島?リリィタウンでハラからもらう,,,,,,5,TRUE
318,せんせいのツメ,持たせると20%の確率で先制で行動する。,,メレメレ島?1番道路?トレーナーズスクール1階の入口から左に進んだ所にいる女性からもらう,ロイヤルドームBP景品アイテム(48BP),野生のニャース、ニューラが持っていることがある,,,,15,TRUE
319,ダークボール,夜や洞窟だとポケモンを捕まえやすい。,,アーカラ島?ディグダトンネルで拾う,アーカラ島?メモリアルヒルで拾う,ウラウラ島?14番道路?試練達成後にアセロラからもらう,ポニ島?ポニの大峡谷で拾う,8番道路のフレンドリィショップで購入(1000円),フェスサークルギフトショップボール屋で購入,10,TRUE
320,ダークメモリ,シルヴァディに持たせるとあくタイプになる。,,エーテルパラダイス2F保護区の北側でグラジオからもらう(殿堂入り後),,,,,,15,TRUE
321,だいちのプレート,持たせるとじめんタイプのわざの威力が1.2倍になる。,アルセウスに持たせるとじめんタイプになる。,メレメレ島?1番道路で拾う(隠しアイテム・クチナシの大試練達成後),,,,,,15,TRUE
322,ダイブボール,水に住むポケモンを捕まえやすい。,,メレメレ島?カーラエ湾で拾う(要ラプラス),アーカラ島?せせらぎの丘で試練達成後にスイレンからもらう,アーカラ島?8番道路で拾う,アーカラ島?ハノハノビーチで拾う(要ラプラス),8番道路のフレンドリィショップで購入(1000円),その他,10,TRUE
323,タイマーボール,ターンがかかるほどポケモンを捕まえやすい。,,ウラウラ島?ホテリ山で拾う,オハナタウンのフレンドリィショップで購入(1000円),ロイヤルアベニューにあるスーパー・メガやすで購入(500円),フェスサークルギフトショップボール屋で購入,,,10,TRUE
324,たいようのいし,クサイハナ、ヒマナッツ、モンメン、チュリネ、エリキテルを進化させる。,,ウラウラ島?ホテリ山で拾う,ウラウラ島?ハイナ砂漠を上→右と進んだエリアにいる男性に手持ちのソルロックを見せるともらえる(サン版・殿堂入り後),特性「ものひろい」のポケモンが拾ってくることがある,ポケリゾートどきどきリゾートでポケモンが拾ってくることがある,,,14,TRUE
325,たいようのふえ,日輪の祭壇でコスモウムをソルガレオにするための笛。,,ポニ島?ナッシーアイランドにある台座から入手(サン版),,,,,,5,TRUE
326,たいりょくのハネ,HPの努力値を1だけ上げる。,(努力値101以上でも有効),野生のオニドリル(揺れる木・鳥の影)とバトル後にフィールドに落ちていることがある,,,,,,6,TRUE
327,ダウジングマシン,見えない道具に反応して落ちている場所を教えてくれる(XY・ORAS)。,,現時点ではサン・ムーンで入手不可,,,,,,5,FALSE
328,タウリン,攻撃の努力値を10だけ上げる。,(努力値100以上だと無効),メレメレ島?テンカラットヒルで拾う(隠しアイテム),ホクラニ岳のフレンドリィショップで購入(10000円),ロイヤルドームBP景品アイテム(2BP),フェスサークルホラーハウスで入手,フェスサークルギフトショップくすりやで購入,,6,TRUE
329,だっしゅつボタン,持たせるとわざを受けたときに手持ちの他のポケモンに入れ替わる。,,バトルツリーBP景品アイテム(32BP),,,,,,15,TRUE
330,たつじんのおび,持たせると効果抜群のときわざの威力が1.2倍になる。,,メレメレ島?海繋ぎの洞穴で拾う(要ケンタロス),ロイヤルドームBP景品アイテム(48BP),,,,,15,TRUE
331,たてのカセキ,アーカラ島8番道路にある化石復元所でタテトプスに復元してもらえる。,,アーカラ島?コニコシティにあるライチのジュエリーショップで購入(7000円・ムーン版限定),,,,,,11,TRUE
332,たべのこし,持たせると毎ターン最大HPの1/16だけ回復する。,,特性「ものひろい」のポケモンが拾ってくることがある,野生のカビゴン、ゴンベが持っていることがある,ロイヤルドームBP景品アイテム(48BP),,,,15,TRUE
333,たまむしプレート,持たせるとむしタイプのわざの威力が1.2倍になる。,,メレメレ島?ハウオリシティで拾う(隠しアイテム・クチナシの大試練達成後),,,,,,15,TRUE
334,ちいさなキノコ,フレンドリィショップで250円で売れる。,,メレメレ島?ハウオリシティで拾う,アーカラ島?4番道路で拾う(隠しアイテム),アーカラ島?アーカラ島はずれで拾う(隠しアイテム),ウラウラ島?10番道路で拾う(隠しアイテム),ウラウラ島?11番道路で拾う,野生のパラス、ネマシュが持っていることがある,16,TRUE
335,ちからのこな,HPを50回復するがなつき度が下がる。,,アーカラ島?コニコシティにある漢方屋で購入(500円),,,,,,13,TRUE
336,ちからのねっこ,HPを200回復するがなつき度が下がる。,,アーカラ島?4番道路で拾う,メレメレ島?茂みの洞窟で拾う(隠しアイテム・要ケンタロス),アーカラ島?コニコシティにある漢方屋で購入(1200円),,,,13,TRUE
337,ちからのハチマキ,持たせるとぶつりわざの威力が1.1倍になる。,,アーカラ島?コニコシティ?スイレンの家の子供部屋でスイレンの妹とバトル後、部屋に来たスイレンに勝つともらえる(ライチの大試練達成後),ロイヤルドームBP景品アイテム(48BP),,,,,15,TRUE
338,ちりょくのハネ,特攻の努力値を1だけ上げる。,(努力値101以上でも有効),野生のウォーグル(鳥の影)、バルジーナ(鳥の影)とバトル後にフィールドに落ちていることがある,,,,,,6,TRUE
339,つきのいし,ニドリーナ、ニドリーノ、ピッピ、プリン、エネコ、ムンナを進化させる。,,ウラウラ島?13番道路で拾う,ウラウラ島?ハイナ砂漠を上→右と進んだエリアにいる男性に手持ちのルナトーンを見せるともらえる(ムーン版・殿堂入り後),特性「ものひろい」のポケモンが拾ってくることがある,ポケリゾートどきどきリゾートでポケモンが拾ってくることがある,野生のピッピ、プリン、ピィが持っていることがある,,14,TRUE
340,つきのふえ,月輪の祭壇でコスモウムをルナアーラにするための笛。,,ポニ島?ナッシーアイランドにある台座から入手(ムーン版),,,,,,5,TRUE
341,つめたいいわ,持たせると「あられ」を使ったときに天気があられ状態になる時間が5ターンから8ターンに長くなる。,,ウラウラ島?マリエシティ?マリエ地域センターにいる女性の天候クイズに答えるともらえる,ロイヤルドームBP景品アイテム(48BP),,,,,15,TRUE
342,ツメのカセキ,アーカラ島8番道路にある化石復元所でアノプスに復元してもらえる。,,現時点ではサン・ムーンで入手不可,,,,,,11,FALSE
343,つららのプレート,持たせるとこおりタイプのわざの威力が1.2倍になる。,アルセウスに持たせるとこおりタイプになる。,メレメレ島?ハウオリシティで拾う(隠しアイテム・クチナシの大試練達成後),,,,,,15,TRUE
344,つりざお,特定の釣りスポットでポケモンや道具を釣れる。,,アーカラ島?せせらぎの丘で試練達成後にスイレンからもらう,,,,,,8,TRUE
345,ていこうのハネ,防御の努力値を1だけ上げる。,(努力値101以上でも有効),野生のエアームド(揺れる木)とバトル後にフィールドに落ちていることがある,,,,,,6,TRUE
346,ディフェンダー,防御のランクを2段階上げる。,,メレメレ島?ハウオリシティ?メレメレ乗船所外の入口前にいる少女からもらう,メレメレ島?茂みの洞窟で拾う,アーカラ島?シェードジャングルで拾う(隠しアイテム),ポニ島?ポニの大峡谷で拾う(隠しアイテム),ハウオリシティ、2番道路、8番道路のフレンドリィショップで購入(2000円),その他,17,TRUE
347,でかいきんのたま,フレンドリィショップで10000円で売れる。,,ウラウラ島?マリエ庭園?グズマとバトル後、マップ南の橋に現れた5人のトレーナーを倒すと、橋を渡った先にいるベテラントレーナーからもらえる,ポニ島?エンドケイブで拾う(隠しアイテム),フェスサークルくじ屋の景品,特性「ものひろい」のポケモンが拾ってくることがある,ポケリゾートどきどきリゾートでポケモンが拾ってくることがある,野生のコソクムシとバトル後にフィールドに落ちていることがある,16,TRUE
348,でんきだま,ピカチュウに持たせると攻撃・特攻が2倍になる。,ピカチュウやライチュウに持たせてタマゴを作ると、生まれてきたピチューが「ボルテッカー」を覚えている。,ポニ島?エンドケイブで拾う,野生のピカチュウが持っていることがある,,,,,15,TRUE
349,でんきのジュエル,持たせると一度だけでんきタイプのわざの威力が1.3倍になる(BW・BW2)。,,現時点ではサン・ムーンで入手不可,,,,,,15,FALSE
350,どくけし,どく状態を回復する。,,メレメレ島?1番道路で拾う,アーカラ島?7番道路(要ラプラス),アーカラ島?ハノハノビーチで拾う(要ラプラス),ウラウラ島?マリエシティで拾う,各地のフレンドリィショップで購入(200円),その他,13,TRUE
351,とくせいカプセル,2種類の特性を持つポケモンに使うと今とは違う特性に変えられる。,,ロイヤルドームBP景品アイテム(100BP),バトルツリーで50連勝以上した後、記録達成の翌日以降にバトルツリー受付の女性に話しかけるともらえる,,,,,5,TRUE
352,どくどくだま,持たせると戦闘中にもうどく状態になる。,,バトルツリーBP景品アイテム(16BP),,,,,,15,TRUE
353,どくのジュエル,持たせると一度だけどくタイプのわざの威力が1.3倍になる(BW・BW2)。,,現時点ではサン・ムーンで入手不可,,,,,,15,FALSE
354,どくバリ,持たせるとどくタイプのわざの威力が1.2倍になる。,,メレメレ島?メレメレの花園で拾う,野生のメノクラゲ、ドククラゲ、ロゼリア、フシデ、ヒドイデが持っていることがある,野生のメノクラゲ(水上の水しぶき)とバトル後にフィールドに落ちていることがある,,,,15,TRUE
355,とけないこおり,持たせるとこおりタイプのわざの威力が1.2倍になる。,,メレメレ島?海繋ぎの洞穴で拾う,ウラウラ島?10番道路?マリエシティ側入口付近にいるおばあさんの頼みを聞いて10番道路に隠れている8匹のヌイコグマを全て見つけるとお礼にもらえる,野生のバニプッチ、バニリッチが持っていることがある,,,,15,TRUE
356,とつげきチョッキ,持たせると特防が1.5倍になるが変化わざを出せなくなる。,,バトルツリーBP景品アイテム(48BP),,,,,,15,TRUE
357,ドラゴンジュエル,持たせると一度だけドラゴンタイプのわざの威力が1.3倍になる(BW・BW2)。,,現時点ではサン・ムーンで入手不可,,,,,,15,FALSE
358,ドラゴンメモリ,シルヴァディに持たせるとドラゴンタイプになる。,,エーテルパラダイス2F保護区の北側でグラジオからもらう(殿堂入り後),,,,,,15,TRUE
359,トレーナーパス,ポケモントレーナーの身分証明書。,,メレメレ島?リリィタウンでククイ博士からもらう,,,,,,5,TRUE
360,ながねぎ,カモネギに持たせると急所率のランクが2段階上がる。,,エーテルパラダイス?1Fエントランス右奥にいる職員からもらう,,,,,,15,TRUE
361,なんでもなおし,状態異常を全て回復する。,,ウラウラ島?17番道路で拾う,ポニ島?ポニの大峡谷で拾う,エーテルパラダイスで拾う,フェスサークルくじ屋の景品,各地のフレンドリィショップで購入(400円),その他,13,TRUE
362,においぶくろ,シュシュプに持たせて通信交換するとフレフワンに進化する。,,アーカラ島?コニコシティ?食堂にいる元スカル団の女性からもらう(殿堂入り後),バトルツリーBP景品アイテム(32BP),,,,,14,TRUE
363,にじいろポケマメ,ポケリゾート開発に使うタネ。珍しいポケマメ。ポリフレでポケモンに与えるとなかよし度がかなり上がる。,,ポケリゾートのびのびリゾートのポケマメツリーから収穫する,,,,,,7,TRUE
364,ネストボール,捕まえるポケモンが弱いほど捕まえやすい。,,メレメレ島?1番道路で拾う(要ケンタロス),メレメレ島?2番道路?モーテル客室内にいる男性からもらう,メレメレ島?3番道路で拾う,2番道路のフレンドリィショップで購入(1000円),ロイヤルアベニューにあるスーパー・メガやすで購入(500円),フェスサークルギフトショップボール屋で購入,10,TRUE
365,ねっこのカセキ,アーカラ島8番道路にある化石復元所でリリーラに復元してもらえる。,,現時点ではサン・ムーンで入手不可,,,,,,11,FALSE
366,ネットボール,むし・みずタイプのポケモンを捕まえやすい。,,メレメレ島?メレメレの花園で拾う,メレメレ島?カーラエ湾で拾う,アーカラ島?せせらぎの丘で拾う,アーカラ島?7番道路(要ラプラス),オハナタウンのフレンドリィショップで購入(1000円),その他,10,TRUE
367,ねばりのかぎづめ,持たせると数ターン連続でダメージを与えるわざが最大(5ターン)まで続く。,,野生のサンドが持っていることがある,,,,,,15,TRUE
368,ねむけざまし,ねむり状態を回復する。,,メレメレ島?1番道路で拾う,メレメレ島?1番道路?自宅のベッドで寝るとニャースがくれる,アーカラ島?8番道路で拾う(隠しアイテム),アーカラ島?シェードジャングルで拾う(要カイリキー),各地のフレンドリィショップで購入(100円),その他,13,TRUE
369,ねらいのまと,持たせるとタイプ相性により無効になるわざを受けるようになる。,,バトルツリーBP景品アイテム(16BP),,,,,,15,TRUE
370,ノーマルジュエル,持たせると一度だけノーマルタイプのわざの威力が1.3倍になる。,,ウラウラ島?15番水道で拾う(隠しアイテム),,,,,,15,TRUE
371,のろいのおふだ,持たせるとゴーストタイプのわざの威力が1.2倍になる。,,アーカラ島?メモリアルヒルで拾う,野生のスナバァが持っていることがある,野生のスナバァ(砂煙)とバトル後にフィールドに落ちていることがある,,,,15,TRUE
372,のんきのおこう,持たせると相手のわざの命中率が0.9倍になる。,ソーナンスに持たせて預かり屋に預けるとソーナノのタマゴを持ってくることがある。,アーカラ島?コニコシティの御香屋で購入(5000円),,,,,,15,TRUE
373,ハートスイーツ,HPを20回復する。,,ポケモンセンター内にあるカフェスペースで飲み物を頼むともらえる(日曜日),,,,,,13,TRUE
374,ハートのウロコ,ラナキラマウンテンのポケモンセンター内の右側にいる女性(マダム メモリアル)に渡すと、「過去に覚えていた技(タマゴ技を含む)」「レベルアップで覚える技(その技を覚えられるレベルにまだ達していなくてもよい)」「進化したときに覚える技」「初期技(Lv1で覚える技)」の中から1つをポケモンに教えてくれる,,アーカラ島?コニコシティ?食堂で「Z定食」(1040円)を食べた後にもらえる(2枚),アーカラ島?コニコシティ?ライチの大試練達成後、食堂で「Z定食スペシャル」を注文してライチにおごってもらった後にもらえる(4枚・1日1回),アーカラ島?ハノハノビーチで拾う(隠しアイテム),ウラウラ島?マリエシティ?レストラン ローリングドリーマーで「Zカイセキ」(4000円)を食べた後にもらえる(4枚),ウラウラ島?マリエシティ?クチナシの大試練達成後、ローリングドリーマーで「Zカイセキ ～オチムシャ～」を注文してクチナシにおごってもらった後にもらえる(8枚・1日1回),その他,5,TRUE
375,ハイパーボール,スーパーボールよりポケモンを捕まえやすい。,,メレメレ島?ハウオリシティ?ポケモン図鑑の捕まえた数を10以上にしてアローラ観光案内所内にいる研究員と話すともらえる,メレメレ島?テンカラットヒルで拾う,アーカラ島?ロイヤルアベニューで拾う,アーカラ島?8番道路で拾う,各地のフレンドリィショップで購入(800円),その他,10,TRUE
376,はかせのふくめん,プロレスラー ロイヤルが着けているマスク。ククイ博士に届ける。,,ウラウラ島?ホクラニ岳?マーマネの試練達成後、マーレインから預かる,,,,,,5,TRUE
377,はがねのジュエル,持たせると一度だけはがねタイプのわざの威力が1.3倍になる(BW・BW2)。,,現時点ではサン・ムーンで入手不可,,,,,,15,FALSE
378,バグメモリ,シルヴァディに持たせるとむしタイプになる。,,エーテルパラダイス2F保護区の北側でグラジオからもらう(殿堂入り後),,,,,,15,TRUE
379,はっきんだま,ギラティナに持たせるとアナザーフォルムからオリジンフォルムにフォルムチェンジし、ドラゴンタイプとゴーストタイプのわざの威力が1.2倍になる。,,メレメレ島?ハウオリシティ?ショッピングモールにあるアンティーク セレクトショップ YOROZUで購入(10000円),,,,,,15,TRUE
380,はねのカセキ,アーカラ島8番道路にある化石復元所でアーケンに復元してもらえる。,,アーカラ島?コニコシティにあるライチのジュエリーショップで購入(7000円・ムーン版限定),,,,,,11,TRUE
381,パワーアンクル,持たせると素早さが半分になるが、努力値が入るときに素早さにも努力値が8だけ入る。,持たせたポケモンを預かり屋に預けてタマゴを作ると、素早さの個体値を遺伝した子ができる。,ロイヤルドームBP景品アイテム(16BP),,,,,,6,TRUE
382,パワーウエイト,持たせると素早さが半分になるが、努力値が入るときにHPにも努力値が8だけ入る。,持たせたポケモンを預かり屋に預けてタマゴを作ると、HPの個体値を遺伝した子ができる。,ロイヤルドームBP景品アイテム(16BP),,,,,,6,TRUE
383,パワーバンド,持たせると素早さが半分になるが、努力値が入るときに特防にも努力値が8だけ入る。,持たせたポケモンを預かり屋に預けてタマゴを作ると、特防の個体値を遺伝した子ができる。,ロイヤルドームBP景品アイテム(16BP),,,,,,6,TRUE
384,パワーベルト,持たせると素早さが半分になるが、努力値が入るときに防御にも努力値が8だけ入る。,持たせたポケモンを預かり屋に預けてタマゴを作ると、防御の個体値を遺伝した子ができる。,ロイヤルドームBP景品アイテム(16BP),,,,,,6,TRUE
385,パワーリスト,持たせると素早さが半分になるが、努力値が入るときに攻撃にも努力値が8だけ入る。,持たせたポケモンを預かり屋に預けてタマゴを作ると、攻撃の個体値を遺伝した子ができる。,ロイヤルドームBP景品アイテム(16BP),,,,,,6,TRUE
386,パワーレンズ,持たせると素早さが半分になるが、努力値が入るときに特攻にも努力値が8だけ入る。,持たせたポケモンを預かり屋に預けてタマゴを作ると、特攻の個体値を遺伝した子ができる。,ロイヤルドームBP景品アイテム(16BP),,,,,,6,TRUE
387,パワフルハーブ,持たせると一度だけ2ターンかかるわざを1ターンで使える。,,ポニ島?ポニの花園で拾う,バトルツリーBP景品アイテム(24BP),,,,,15,TRUE
388,ばんのうごな,状態異常を全て回復するがなつき度が下がる。,,アーカラ島?シェードジャングルで拾う(隠しアイテム),アーカラ島?メモリアルヒルで拾う(隠しアイテム),ウラウラ島?いかがわしき屋敷で拾う,アーカラ島?コニコシティにある漢方屋で購入(300円),,,13,TRUE
389,ピーピーエイダー,全てのわざのPPを10回復する。,,アーカラ島?せせらぎの丘で拾う(隠しアイテム),ウラウラ島?12番道路で拾う,ポニ島?ポニの大峡谷で拾う(要ケンタロス),ポニ島?エンドケイブで拾う,特性「ものひろい」のポケモンが拾ってくることがある,,13,TRUE
390,ピーピーエイド,1つのわざのPPを10回復する。,,メレメレ島?ハウオリシティで拾う,メレメレ島?ハウオリ霊園で拾う(隠しアイテム),アーカラ島?オハナ牧場で拾う,アーカラ島?5番道路で拾う,特性「ものひろい」のポケモンが拾ってくることがある,,13,TRUE
391,ピーピーマックス,全てのわざのPPを全回復する。,,ウラウラ島?ハイナ砂漠で拾う,ウラウラ島?ラナキラマウンテン?入口でグラジオとバトル後にもらう,ポニ島?ポニの険路で拾う(隠しアイテム),特性「ものひろい」のポケモンが拾ってくることがある,フェスサークルくじ屋の景品,フェスサークルホラーハウスで入手,13,TRUE
392,ピーピーリカバー,1つのわざのPPを全回復する。,,アーカラ島?ディグダトンネル?スカル団のしたっぱとバトル後、ハウからもらう,ポニ島?ポニの樹林で拾う(隠しアイテム),フェスサークルくじ屋の景品,,,,13,TRUE
393,ヒールボール,捕まえたポケモンが回復する。,,メレメレ島?ハウオリシティ?ポケモンセンター前にいる男性からもらう,メレメレ島?2番道路で拾う,メレメレ島?3番道路で拾う,メレメレ島?海繋ぎの洞穴で拾う,2番道路のフレンドリィショップで購入(300円),その他,10,TRUE
394,ヒウンアイス,状態異常を全て回復する。,,ポケモンセンター内にあるカフェスペースで飲み物を頼むともらえる(水曜日),フェスサークルギフトショップよろずデパートで購入,,,,,13,TRUE
395,ひかりごけ,みずタイプのわざを受けたとき、一度だけ特防が上がる。,,野生のサニーゴが持っていることがある,,,,,,15,TRUE
396,ひかりのいし,ロゼリア、トゲチック、チラーミィ、フラエッテを進化させる。,,ウラウラ島?マリエシティマリエ地域センターで開催されている掘り出し物市で購入(3000円・サン版限定・クチナシの大試練達成後),ポニ島?ポニの古道で拾う,ポケリゾートどきどきリゾートでポケモンが拾ってくることがある,,,,14,TRUE
397,ひかりのこな,持たせると相手のわざの命中率が0.9倍になる。,,アーカラ島?5番道路?ポケモンセンター内左側にいる少年からヨーテリーと交換でもらえるアマカジが持っている,ロイヤルドームBP景品アイテム(48BP),,,,,15,TRUE
398,ひかりのねんど,持たせると「リフレクター」「ひかりのかべ」の効果が5ターンから8ターンに長くなる。,,ポケリゾートどきどきリゾートでポケモンが拾ってくることがある,野生のドロバンコ、バンバドロが持っていることがある,,,,,15,TRUE
399,ひかるおまもり,持っていると色違いポケモンに出会いやすくなる。,,アーカラ島?カンタイシティ?アローラ図鑑完成後、ゲームフリーク右奥にいるゲームディレクターからもらえる,,,,,,15,TRUE
400,ひこうのジュエル,持たせると一度だけひこうタイプのわざの威力が1.3倍になる(BW・BW2)。,,現時点ではサン・ムーンで入手不可,,,,,,15,FALSE
401,ピッピにんぎょう,野生ポケモンから必ず逃げられる。,,メレメレ島?ハウオリシティでリーリエからもらう(エンディング中),,,,,,17,TRUE
402,ひのたまプレート,持たせるとほのおタイプのわざの威力が1.2倍になる。,アルセウスに持たせるとほのおタイプになる。,メレメレ島?1番道路で拾う(隠しアイテム・クチナシの大試練達成後),,,,,,15,TRUE
403,ビビリだま,バトルで使うと野生ポケモンが仲間を呼びやすくなる。持たせると「いかく」を受けたときに素早さが上がる。,,アーカラ島?4番道路で拾う,アーカラ島?8番道路で拾う(隠しアイテム),アーカラ島?メモリアルヒルで拾う(隠しアイテム),ウラウラ島?13番道路?ハイナ砂漠へのキャプテンゲートを開けてもらった後、ゲート前にいる試練サポーターにおいしいみずを渡すとお礼にもらえる(アセロラの試練達成後),各地のフレンドリィショップで購入(300円),その他,15,TRUE
404,ひみつのコハク,アーカラ島8番道路にある化石復元所でプテラに復元してもらえる。,,現時点ではサン・ムーンで入手不可,,,,,,11,FALSE
405,ヒレのカセキ,アーカラ島8番道路にある化石復元所でアマルスに復元してもらえる。,,現時点ではサン・ムーンで入手不可,,,,,,11,FALSE
406,ピンクのバンダナ,ポケモンのかわいさコンディションが上がる(ORAS)。,,現時点ではサン・ムーンで入手不可,,,,,,4,FALSE
407,ピントレンズ,持たせると急所率のランクが1段階上がる。,,アーカラ島?オハナ牧場北西端にいるケンタロスに近づき、ポケモンブリーダーのトモユキとバトル後にもらえる,ロイヤルドームBP景品アイテム(48BP),,,,,15,TRUE
408,ファイトメモリ,シルヴァディに持たせるとかくとうタイプになる。,,エーテルパラダイス2F保護区の北側でグラジオからもらう(殿堂入り後),,,,,,15,TRUE
409,ファイヤーメモリ,シルヴァディに持たせるとほのおタイプになる。,,エーテルパラダイス2F保護区の北側でグラジオからもらう(殿堂入り後),,,,,,15,TRUE
410,ふうせん,持たせるとじめんタイプのわざを無効にするが攻撃を受けると効果がなくなる。,,ウラウラ島?マリエ庭園?西側の休憩所にいる少女が出すクイズに正解するともらえる(クチナシの大試練達成後・昼限定),バトルツリーBP景品アイテム(32BP),,,,,15,TRUE
411,フェアリーメモリ,シルヴァディに持たせるとフェアリータイプになる。,,エーテルパラダイス2F保護区の北側でグラジオからもらう(殿堂入り後),,,,,,15,TRUE
412,フェスチケット,フェスサークルでアトラクションを開催するためにチケット。,,フェスサークルのランクが4以上になるとフェスサークル内のお城の前にいる女性から1日3枚もらえる,フェスサークルホラーハウスで入手,,,,,5,TRUE
413,フエンせんべい,状態異常を全て回復する。,,ポケモンセンター内にあるカフェスペースで飲み物を頼むともらえる(土曜日),フェスサークルギフトショップよろずデパートで購入,,,,,13,TRUE
414,フォーカスレンズ,持たせると後攻のとき命中率が1.2倍になる。,,ロイヤルドームBP景品アイテム(48BP),,,,,,15,TRUE
415,ふしぎなアメ,ポケモンのレベルを1上げる。,,メレメレ島?メレメレ海で拾う(隠しアイテム・要ラプラス),メレメレ島?ハウオリシティ?観光案内所のIDくじの景品(1等),アーカラ島?カンタイシティ?ブティックから通りを渡ったところにいる女性からもらう,アーカラ島?せせらぎの丘で拾う(要ラプラス),アーカラ島?6番道路で拾う(要ケンタロス),その他,13,TRUE
416,ふしぎなおきもの,アローラ地方で古くから守り神とされるポケモンをかたどった置物。,,ウラウラ島?マリエシティ?地域センターにいる男性からもらう,アーカラ島?ロイヤルアベニュー?スーパー・メガやすで購入(1500円),フェスサークルくじ屋の景品,,,,5,TRUE
417,ふしぎのプレート,持たせるとエスパータイプのわざの威力が1.2倍になる。,アルセウスに持たせるとエスパータイプになる。,メレメレ島?1番道路で拾う(隠しアイテム・クチナシの大試練達成後),,,,,,15,TRUE
418,ふたのカセキ,アーカラ島8番道路にある化石復元所でプロトーガに復元してもらえる。,,アーカラ島?コニコシティにあるライチのジュエリーショップで購入(7000円・サン版限定),,,,,,11,TRUE
419,ふつうのポケマメ,ポケリゾート開発に使うタネ。ポリフレでポケモンに与えるとなかよし度が少し上がる。,,ポケリゾートのびのびリゾートのポケマメツリーから収穫する,各地のポケモンセンター内にあるカフェスペースで、飲食後に1日1回店主からもらえる,,,,,7,TRUE
420,ふっかつそう,ひんし状態から回復するがなつき度が下がる。,,アーカラ島?メモリアルヒルで拾う(隠しアイテム),ポニ島?ポニの古道(隠しアイテム),アーカラ島?コニコシティにある漢方屋で購入(2800円),,,,13,TRUE
421,ふといホネ,カラカラ、ガラガラに持たせると攻撃が2倍になる。,,野生のカラカラが持っていることがある,,,,,,15,TRUE
422,フライングメモリ,シルヴァディに持たせるとひこうタイプになる。,,エーテルパラダイス2F保護区の北側でグラジオからもらう(殿堂入り後),,,,,,15,TRUE
423,プラスパワー,攻撃のランクを2段階上げる。,,メレメレ島?ハウオリシティ?メレメレ乗船所外の入口前にいる少年からもらう,メレメレ島?2番道路?ポケモンセンター内右側にいる女性からオニスズメと交換でもらえるワンリキーが持っている,メレメレ島?テンカラットヒルで拾う,アーカラ島?シェードジャングルで拾う(隠しアイテム),ハウオリシティ、2番道路、8番道路のフレンドリィショップで購入(1000円),その他,17,TRUE
424,フリーズカセット,ゲノセクトに持たせるとわざ「テクノバスター」がこおりタイプになる。,,アーカラ島?8番道路?エーテルベースの前にいるアクロマからもらう(殿堂入り後),,,,,,15,TRUE
425,ブレイズカセット,ゲノセクトに持たせるとわざ「テクノバスター」がほのおタイプになる。,,アーカラ島?8番道路?エーテルベースの前にいるアクロマからもらう(殿堂入り後),,,,,,15,TRUE
426,プレミアボール,何かを記念した珍しいボール。,,各地のフレンドリィショップでモンスターボールを10個まとめて購入するとおまけでもらえる,フェスサークルギフトショップボール屋で購入,,,,,10,TRUE
427,フレンドボール,捕まえたポケモンが最初からなついている。ガンテツ製のボール。,,ウラウラ島?マリエシティ?ゴミ処理工場の右の方の崖にいるナリヤ・オーキドからもらう,,,,,,10,TRUE
428,プロテクター,サイドンに持たせて通信交換するとドサイドンに進化する。,,アーカラ島?オハナタウン?カキの家1Fでカキの父親からもらう(殿堂入り後),バトルツリーBP景品アイテム(32BP),,,,,14,TRUE
429,ブロムヘキシン,防御の努力値を10だけ上げる。,(努力値100以上だと無効),アーカラ島?8番道路で拾う(隠しアイテム),ウラウラ島?いかがわしき屋敷で拾う,ホクラニ岳のフレンドリィショップで購入(10000円),ロイヤルドームBP景品アイテム(2BP),フェスサークルホラーハウスで入手,フェスサークルギフトショップくすりやで購入,6,TRUE
430,ヘビーボール,重いポケモンほど捕まえやすい。ガンテツ製のボール。,,ウラウラ島?ホクラニ岳で拾う,,,,,,10,TRUE
431,ポイズンメモリ,シルヴァディに持たせるとどくタイプになる。,,エーテルパラダイス2F保護区の北側でグラジオからもらう(殿堂入り後),,,,,,15,TRUE
432,ホイップポップ,ペロッパフに持たせて通信交換するとペロリームに進化する。,,アーカラ島?コニコシティ?食堂にいる元スカル団の女性からもらう(殿堂入り後),バトルツリーBP景品アイテム(32BP),,,,,14,TRUE
433,ポイントアップ,PPの最大値を1段階上げる。,(1段階=初期値の1/5),メレメレ島?ハウオリシティ?観光案内所のIDくじの景品(3等),アーカラ島?5番道路で拾う(隠しアイテム),ウラウラ島?12番道路で拾う(隠しアイテム),ウラウラ島?16番道路で拾う,ポニ島?ポニの古道(隠しアイテム),その他,13,TRUE
434,ポイントマックス,PPの最大値を3段階上げる。,,メレメレ島?ハウオリシティ?観光案内所のIDくじの景品(1等),ウラウラ島?15番水道?15番水道内にいる他のトレーナーを全て倒した後、カプの村側入口にいる試練サポーターのアヤノとバトル後にもらえる,ウラウラ島?ラナキラマウンテンで拾う(隠しアイテム),ポニ島?ポニの大峡谷で拾う(隠しアイテム),ポニ島?ポニの広野で拾う(隠しアイテム),フェスサークルくじ屋の景品,13,TRUE
435,ぼうごパット,持たせると相手に接触すると発動するわざや特性の効果を受けなくなる。,,バトルツリーBP景品アイテム(48BP),,,,,,15,TRUE
436,ぼうじんゴーグル,持たせると天気の影響によるダメージや、粉系のわざを受けなくなる。,,ウラウラ島?ハイナ砂漠にいる山男の質問に「しょぼしょぼ！」と答えるともらえる(クチナシの大試練達成後・夜限定),バトルツリーBP景品アイテム(48BP),,,,,15,TRUE
437,ポケじゃらし,野生ポケモンから必ず逃げられる。,,フェスサークルギフトショップバトルストアで購入,,,,,,17,TRUE
438,ポケファインダー,ポケモンを撮影するためのカメラ。,,メレメレ島?ハウオリシティ?観光案内所でもらう,,,,,,5,TRUE
439,ポケモン図鑑,アローラ地方に出現するポケモンが登録される図鑑。,,メレメレ島?リリィタウンでククイ博士からもらう,,,,,,5,TRUE
440,ほしのかけら,フレンドリィショップで4900円で売れる。,,メレメレ島?ハウオリシティで拾う(隠しアイテム),メレメレ島?海繋ぎの洞穴で拾う(隠しアイテム),ポケリゾートどきどきリゾートでポケモンが拾ってくることがある,アーカラ島?5番道路で拾う(隠しアイテム),ウラウラ島?11番道路で拾う(隠しアイテム),その他,16,TRUE
441,ほしのすな,フレンドリィショップで1000円で売れる。,,メレメレ島?2番道路で拾う(隠しアイテム),メレメレ島?3番道路で拾う(隠しアイテム),メレメレ島?海繋ぎの洞穴で拾う(隠しアイテム),メレメレ島?テンカラットヒルで拾う(隠しアイテム),ウラウラ島?11番道路で拾う(隠しアイテム),その他,16,TRUE
442,ほのおのいし,ロコン、ガーディ、イーブイ、バオップを進化させる。,,アーカラ島?ディグダトンネルで拾う(要ケンタロス),アーカラ島?コニコシティにあるライチのジュエリーショップで購入(3000円),ポケリゾートどきどきリゾートでポケモンが拾ってくることがある,,,,14,TRUE
443,ほのおのジュエル,持たせると一度だけほのおタイプのわざの威力が1.3倍になる(BW・BW2)。,,現時点ではサン・ムーンで入手不可,,,,,,15,FALSE
444,まがったスプーン,持たせるとエスパータイプのわざの威力が1.2倍になる。,,ウラウラ島?マリエシティゴミ処理場で清掃員のセイジロウ、エリートトレーナーのソウタロウを倒した後にもらえる,野生のケーシィが持っていることがある,,,,,15,TRUE
445,マグマブースター,ブーバーに持たせて通信交換するとブーバーンに進化する。,,ポニ島?海の民の村?ハンテール船の中にいる男性とペリッパーの会話を聞いた後にもらえる,バトルツリーBP景品アイテム(32BP),野生のブーバー、ブビィが持っていることがある,,,,14,TRUE
446,マスターボール,どんな野生のポケモンも必ず捕まえる。,,メレメレ島?ハウオリシティ?観光案内所のIDくじの景品(特等),エーテルパラダイスでグラジオからもらう,フェスサークルくじ屋の景品,,,,10,TRUE
447,マックスアップ,HPの努力値を10だけ上げる。,(努力値100以上だと無効),メレメレ島?ハウオリシティ?ショッピングモール内にあるバトルバイキングの景品,アーカラ島?ロイヤルアベニューで拾う,ポニ島?エンドケイブで拾う(隠しアイテム),ホクラニ岳のフレンドリィショップで購入(10000円),ロイヤルドームBP景品アイテム(2BP),その他,6,TRUE
448,まひなおし,まひ状態を回復する。,,メレメレ島?1番道路で拾う,メレメレ島?ハウオリ霊園で拾う,メレメレ島?きのみ畑で拾う(隠しアイテム),ウラウラ島?10番道路で拾う,各地のフレンドリィショップで購入(300円),,13,TRUE
449,まるいおまもり,預かり屋にポケモンを預けたときにタマゴが発見されやすくなる。,,アーカラ島?カンタイシティ?ゲームフリークにいるモリモト(ゲームディレクター)とのバトルに勝利するともらえる(殿堂入り後),,,,,,5,TRUE
450,まんたんのくすり,HPを全回復する。,,ウラウラ島?ホクラニ岳で拾う,ウラウラ島?13番道路?初めて来たときハウからもらう,ウラウラ島?14番道路で拾う,ポニ島?ポニの原野で拾う,各地のフレンドリィショップで購入(2500円),その他,13,TRUE
451,まんぷくおこう,持たせると必ず後攻になる。,カビゴンに持たせて預かり屋に預けるとゴンベのタマゴを持ってくることがある。,アーカラ島?コニコシティの御香屋で購入(5000円),,,,,,15,TRUE
452,まんまるいし,ピンプクに持たせて昼にレベルアップさせるとラッキーに進化する。,,アーカラ島?オハナ牧場で拾う(隠しアイテム),ポケリゾートどきどきリゾートでポケモンが拾ってくることがある,野生のピンプクが持っていることがある,,,,14,TRUE
453,ミアレガレット,状態異常を全て回復する。,,ポケモンセンター内にあるカフェスペースで飲み物を頼むともらえる(月曜日),メレメレ島?ハウオリシティ?イリマの家にいるイリマの母親からもらう,,,,,13,TRUE
454,ミストシード,持たせると場がミストフィールドのときに特防のランクが1段階上がる。,,ポニ島?ポニの険路で拾う,野生のキュワワーが持っていることがある,,,,,15,TRUE
455,みずのいし,ニョロゾ、シェルダー、ヒトデマン、イーブイ、ハスブレロ、ヒヤップを進化させる。,,アーカラ島?8番道路で拾う(要ラプラス),アーカラ島?コニコシティにあるライチのジュエリーショップで購入(3000円),ポケリゾートどきどきリゾートでポケモンが拾ってくることがある,,,,14,TRUE
456,みずのジュエル,持たせると一度だけみずタイプのわざの威力が1.3倍になる。,,現時点ではサン・ムーンで入手不可,,,,,,15,FALSE
457,ミックスオレ,HPを70回復する。,,アーカラ島?カンタイシティ?ゲームフリーク左奥にいる女性からもらう(スイレン試練達成後),アーカラ島?ロイヤルアベニュー?スーパー・メガやす店内右奥の少年と一緒にいるフワンテからもらえる,ウラウラ島?10番道路で拾う(隠しアイテム),ウラウラ島?16番道路?カフェスペースを5回以上利用したことがあると、ポケモンセンター内のカフェ前に座った女性からもらえる,各地の自販機で購入(350円),その他,13,TRUE
458,みどりのかけら,フェスサークルのお城にいるおじさんに30コ渡すと「ぎんのおうかん」と交換してくれる。,,ポケリゾートどきどきリゾートでポケモンが拾ってくることがある,,,,,,9,TRUE
459,みどりのバンダナ,ポケモンのかしこさコンディションが上がる(ORAS)。,,現時点ではサン・ムーンで入手不可,,,,,,4,FALSE
460,みどりのプレート,持たせるとくさタイプのわざの威力が1.2倍になる。,アルセウスに持たせるとくさタイプになる。,メレメレ島?ハウオリシティで拾う(隠しアイテム・クチナシの大試練達成後),,,,,,15,TRUE
461,ムーンボール,「つきのいし」で進化するポケモンなら捕まえやすい。ガンテツ製のボール。,,ウラウラ島?ホクラニ岳?ポケモンセンター外の右手前の崖でナリヤ・オーキドに話しかけるともらえる,,,,,,10,TRUE
462,むしのジュエル,持たせると一度だけむしタイプのわざの威力が1.3倍になる(BW・BW2)。,,現時点ではサン・ムーンで入手不可,,,,,,15,FALSE
463,むしよけスプレー,使うと100歩の間手持ちの先頭ポケモンよりレベルの低い野生ポケモンと出会わなくなる。,,メレメレ島?2番道路で拾う(隠しアイテム),メレメレ島?きのみ畑で拾う(隠しアイテム),アーカラ島?オハナ牧場で拾う(隠しアイテム),特性「ものひろい」のポケモンが拾ってくることがある,各地のフレンドリィショップで購入(400円),ロイヤルアベニューにあるスーパー・メガやすで購入(200円),8,TRUE
464,むらさきのミツ,オドリドリに使うと「ふらふらスタイル」にフォルムチェンジする。,,ポニ島?ポニの花園で拾う,,,,,,12,TRUE
465,めざめいし,キルリア♂、ユキワラシ♀を進化させる。,,メレメレ島?ハウオリシティ?ビーチサイドエリアの砂浜でグズマとバトル後にもらう(殿堂入り後),ポケリゾートどきどきリゾートでポケモンが拾ってくることがある,,,,,14,TRUE
466,メタルコート,持たせるとはがねタイプのわざの威力が1.2倍になる。,イワーク、ストライクに持たせて通信交換するとハガネール、ハッサムに進化する。,野生のコイル、エアームド、ダンバルが持っていることがある,,,,,,15,TRUE
467,メタルパウダー,メタモンに持たせると防御が2倍になる。,,野生のメタモンが持っていることがある,,,,,,15,TRUE
468,メトロノーム,持たせると同じわざを連続で使ったときに与えるダメージが10%ずつ最大2倍まで増える。,,アーカラ島?ハノハノリゾート?ホテルにいるイワンコを連れたトレーナーとバトル後にもらえる,ロイヤルドームBP景品アイテム(48BP),,,,,15,TRUE
469,メンタルハーブ,持たせると一度だけメロメロ、アンコール、ちょうはつ、いちゃもん、かなしばり状態を回復する。,,バトルツリーBP景品アイテム(24BP),野生のハハコモリ、ヤンチャム、ゴロンダが持っていることがある,,,,,15,TRUE
470,もうどくプレート,持たせるとどくタイプのわざの威力が1.2倍になる。,アルセウスに持たせるとどくタイプになる。,メレメレ島?ハウオリシティで拾う(隠しアイテム・クチナシの大試練達成後),,,,,,15,TRUE
471,もえぎいろのたま,レックウザと関係のある珠(ORAS)。,,現時点ではサン・ムーンで入手不可,,,,,,5,FALSE
472,モーモーミルク,HPを100回復する。,,メレメレ島?ハウオリシティ?観光案内所のIDくじの景品(4等),アーカラ島?オハナ牧場で拾う(隠しアイテム),フェスサークルギフトショップドリンクやで購入,バトルツリーで5連勝以上した後、記録達成の翌日以降にバトルツリー受付の女性に話しかけるともらえる,野生のミルタンクが持っていることがある,,13,TRUE
473,もくたん,持たせるとほのおタイプのわざの威力が1.2倍になる。,,アーカラ島?ヴェラ火山公園で拾う,野生のコータス、バクガメスが持っていることがある,,,,,15,TRUE
474,ものしりメガネ,持たせると特殊わざのいりょくが1.1倍になる。,,ロイヤルドームBP景品アイテム(48BP),,,,,,15,TRUE
475,もののけプレート,持たせるとゴーストタイプのわざの威力が1.2倍になる。,アルセウスに持たせるとゴーストタイプになる。,メレメレ島?ハウオリ霊園?クチナシの大試練達成後に拾う,,,,,,15,TRUE
476,もりのヨウカン,状態異常を全て回復する。,,ポケモンセンター内にあるカフェスペースで飲み物を頼むともらえる(木曜日),フェスサークルギフトショップよろずデパートで購入,,,,,13,TRUE
477,モンスターボール,普通のボール。,,メレメレ島?1番道路で拾う,メレメレ島?1番道路で拾う(隠しアイテム),メレメレ島?1番道路でククイ博士からポケモンの捕まえ方を教えてもらった後にもらう,メレメレ島?ハウオリシティで拾う,各地のフレンドリィショップで購入(200円),その他,10,TRUE
478,やけどなおし,やけど異常を回復する。,,メレメレ島?テンカラットヒルで拾う,アーカラ島?ヴェラ火山公園で拾う,ウラウラ島?12番道路で拾う(要バンバドロ),各地のフレンドリィショップで購入(300円),ロイヤルアベニューにあるスーパー・メガやすで購入(150円),,13,TRUE
479,やすらぎのすず,持たせるとポケモンが1.5倍なつきやすくなる。,,メレメレ島?3番道路?マップ東端にいるポケモンブリーダーからもらう,ロイヤルドームBP景品アイテム(48BP),,,,,15,TRUE
480,やまぶきのミツ,オドリドリに使うと「ぱちぱちスタイル」にフォルムチェンジする。,,メレメレ島?メレメレの花園で拾う(夜),,,,,,12,TRUE
481,やみのいし,ムウマ、ヤミカラス、ランプラー、ニダンギルを進化させる。,,ウラウラ島?マリエシティマリエ地域センターで開催されている掘り出し物市で購入(3000円・ムーン版限定・クチナシの大試練達成後),ポニ島?ポニの原野で拾う(要ラプラス),ポケリゾートどきどきリゾートでポケモンが拾ってくることがある,,,,14,TRUE
482,やわらかいすな,持たせるとじめんタイプのわざの威力が1.2倍になる。,,メレメレ島?メレメレ海で拾う(要ラプラス),各地の砂煙から出現するディグダがバトル後に落とすことがある,野生のディグダ、ダグトリオ、ナックラーが持っていることがある,野生のディグダ(砂煙)、ダグトリオ(砂煙)とバトル後にフィールドに落ちていることがある,,,15,TRUE
483,ゆきだま,持たせるとこおりタイプのわざを受けたとき、一度だけ攻撃のランクが1段階上がる。,,野生のロコン、ユキワラシが持っていることがある,,,,,,15,TRUE
484,ヨクアタール,命中率のランクを2段階上げる。,,アーカラ島?9番道路で拾う(隠しアイテム),ウラウラ島?10番道路で拾う,ハウオリシティ、2番道路、8番道路のフレンドリィショップで購入(1000円),フェスサークルギフトショップバトルストアで購入,,,17,TRUE
485,ライドギア,ライドポケモンを登録して必要なときに呼び出すことができる。,,メレメレ島?リリィタウン?ハラの大試練達成後にハラからもらう,,,,,,5,TRUE
486,ラッキーパンチ,ラッキーに持たせると急所率のランクが2段階上がる。,,ポニ島?海の民の村?ハガネール船にいる女性の質問に答えるともらえる,野生のラッキーが持っていることがある,,,,,15,TRUE
487,ラブラブボール,バトルに出しているポケモンが相手と同じ種類かつ異性のなら捕まえやすい。ガンテツ製のボール。,,ウラウラ島?マリエシティ?アローラの姿のペルシアンを手持ちに入れ、マリエ図書館1F左奥にいるナリヤ・オーキドと話すともらえる,,,,,,10,TRUE
488,リーフのいし,クサイハナ、ウツドン、タマタマ、コノハナ、ヤナップを進化させる。,,アーカラ島?コニコシティにあるライチのジュエリーショップで購入(3000円),ポケリゾートどきどきリゾートでポケモンが拾ってくることがある,,,,,14,TRUE
489,リゾチウム,特攻の努力値を10だけ上げる。,(努力値100以上だと無効),ポニ島?ポニの荒磯で拾う,ホクラニ岳のフレンドリィショップで購入(10000円),ロイヤルドームBP景品アイテム(2BP),フェスサークルホラーハウスで入手,フェスサークルギフトショップくすりやで購入,,6,TRUE
490,リピートボール,一度捕まえたことがあるポケモンなら捕まえやすい。,,ウラウラ島?ウラウラの花園で拾う,ポニ島?ポニの原野で拾う(隠しアイテム),オハナタウンのフレンドリィショップで購入(1000円),フェスサークルギフトショップボール屋で購入,,,10,TRUE
491,りゅうのウロコ,シードラに持たせて通信交換するとキングドラに進化する。,,野生のタッツー、ミニリュウ、ハクリュー、カイリューが持っていることがある,,,,,,14,TRUE
492,りゅうのキバ,持たせるとドラゴンタイプのわざの威力が1.2倍になる。,,アーカラ島?コニコシティ?食堂2Fにいるコックからもらう(殿堂入り後),野生のタツベイ、コモルー、ボーマンダが持っていることがある,,,,,15,TRUE
493,りゅうのプレート,持たせるとドラゴンタイプのわざの威力が1.2倍になる。,アルセウスに持たせるとドラゴンタイプになる。,メレメレ島?ハウオリシティで拾う(隠しアイテム・クチナシの大試練達成後),,,,,,15,TRUE
494,ルアーボール,つりざおで釣ったポケモンなら捕まえやすい。ガンテツ製のボール。,,ウラウラ島?ホテリ山?地熱発電所内の左手前にいるナリヤ・オーキドからもらう,,,,,,10,TRUE
495,れいかいのぬの,サマヨールに持たせて通信交換するとヨノワールに進化する。,,ウラウラ島?マリエシティ?ポケモンセンター内左側にいる少女からもらう(クチナシの大試練達成後),バトルツリーBP景品アイテム(32BP),,,,,14,TRUE
496,レッドカード,持たせると攻撃してきた相手を交換させることができる。,,メレメレ島?3番道路にいるトレーナーを全て倒した後、橋の北にいるエリートトレーナーのタクヤとバトル後にもらう,バトルツリーBP景品アイテム(32BP),,,,,15,TRUE
497,レベルボール,バトルに出しているポケモンよりレベルが低いポケモンなら捕まえやすい。ガンテツ製のボール。,,ウラウラ島?ホクラニ岳で拾う,,,,,,10,TRUE
498,レンズケース,コンタクトレンズを入れておける便利なケース。,,メレメレ島?ハウオリシティ?ブティック前でリーリエからもらう,,,,,,5,TRUE
499,ロックメモリ,シルヴァディに持たせるといわタイプになる。,,エーテルパラダイス2F保護区の北側でグラジオからもらう(殿堂入り後),,,,,,15,TRUE
500,ロトム図鑑,ロトムが入り込んだ最新式のポケモン図鑑。,,メレメレ島?1番道路?ポケモン研究所でククイ博士にポケモン図鑑をアップデートしてもらう,,,,,,5,TRUE
