id,name,type_id,effect_type,power,hit,pp,is_direct,effect
1,1000まんボルト,5,2,195,999,1,FALSE,『サトシのピカチュウ』の専用Z技。急所ランク+2の攻撃。命中率は100%で、必ず相手に命中する。
2,10まんばりき,13,1,95,95,10,TRUE,通常攻撃
3,10まんボルト,5,2,90,100,15,FALSE,1割程度の確率で相手に『まひ』の状態異常を与える。
4,DDラリアット,1,1,85,100,10,TRUE,相手の『のうりょく』ランクの変化の効果を受けないでダメージを与える。
5,Vジェネレート,10,1,180,95,5,TRUE,強力なわざ。一方で攻撃した後、自分の『素早さ』『防御』『特防』がそれぞれ1ランクずつ下がる。
6,アイアンテール,2,1,100,75,15,TRUE,3割の確率で相手の『防御』ランクを1段階低下させる。
7,アイアンヘッド,2,1,80,100,15,TRUE,3割の確率で相手をひるませることができる。
8,アイスハンマー,6,1,100,90,10,TRUE,攻撃した後、自分の『素早さ』が1ランク下がる。
9,アイスボール,6,1,30,90,20,TRUE,外れるまで5ターン連続で攻撃し、当たる度に威力が2倍になっていく。『まるくなる』を使っている状態でこの技を使うと威力が2倍になる。
10,あおいほのお,10,2,130,85,5,FALSE,2割の確率で相手を『やけど』状態にする。
11,アクアジェット,15,1,40,100,20,TRUE,優先度+1で攻撃できる。(先制攻撃)
12,アクアテール,15,1,90,90,10,TRUE,通常攻撃
13,アクアブレイク,15,1,85,100,10,TRUE,必ず、相手の『防御』を1段階下げる。
14,アクアリング,15,3,0,,20,FALSE,毎ターン最大HPの1/16ずつ回復する。
15,あくうせつだん,4,2,100,95,5,FALSE,1/6の確率で急所に当たる。
16,アクセルロック,17,1,40,100,20,TRUE,優先度＋1で行動できるため、先制攻撃しやすい。
17,あくのはどう,1,2,80,100,15,FALSE,2割の確率で相手をひるませることができる。
18,あくび,18,3,0,,10,FALSE,100%の確率で命中し、次のターン終了時、相手に『ねむり』の状態異常を与える。そのポケモンが交代すると効果は消える。
19,あくまのキッス,18,3,0,75,10,FALSE,100%の確率で命中し、次のターン終了時、相手に『ねむり』の状態異常を与える。そのポケモンが交代すると効果は消える。
20,あくむ,7,3,0,100,15,FALSE,相手に2～4ターンの間『ねむり』の状態異常を与える。
21,アクロバット,12,1,55,100,15,TRUE,『どうぐ』を持っていない時、技の威力が2倍になる。
22,あさのひざし,18,3,0,,5,FALSE,"HPを回復する。回復量は天候によって変動する。回復量は以下の通り。
『通常』→最大HPの1/2回復。
『ひざしがつよい』→最大HPの2/3回復。
『あめ』『あられ』『すなあらし』→最大HPの1/4回復。"
23,アシストギア,2,3,0,,20,FALSE,『プラス』または『マイナス』の特性を持つ味方のポケモンの『攻撃』『特攻』を1段階ずつ上昇。
24,アシストパワー,8,2,20,100,10,FALSE,自分の『のうりょく』が1段階上昇する毎に、威力が20ずつ上がる。
25,アシッドボム,9,2,40,100,20,FALSE,命中した相手の『特防』を2段階下げる。
26,アシッドポイズンデリート,9,1,0,999,1,TRUE,『どく』のZ技。わざの威力や分類は元の『わざ』によって変化するが、元の威力が高いほど威力が高くなる。命中率は100%で、必ず相手に命中する。
27,あてみなげ,3,1,70,999,10,TRUE,優先度-1での行動になり後攻になってしまうが、100%の確率で相手に命中する。
28,あなをほる,13,1,80,100,10,TRUE,1ターン目に地中に潜り待機する。このターン、ほとんどの攻撃は回避することができる。2ターン目に攻撃する。
29,あばれる,18,1,120,100,10,TRUE,2～3ターン連続で攻撃を与えた後、自分は『こんらん』状態になる。
30,アフロブレイク,18,1,120,100,15,TRUE,相手にダメージを与えるものの、1/4の反動ダメージを受ける。
31,あまいかおり,18,3,0,100,20,FALSE,相手の『回避率』を2段階低下させる。
32,あまえる,16,3,0,100,20,FALSE,相手の『攻撃』ランクを2段階低下させる。
33,あまごい,15,3,0,,5,FALSE,天候を5ターンの間に限り、『あめ』状態にする。
34,あやしいかぜ,7,2,60,100,5,FALSE,1割の確率で、全ステータスのランクが1ランクずつ上昇する。
35,あやしいひかり,7,3,0,100,10,FALSE,相手に『こんらん』の状態異常を与える。
36,あられ,6,3,0,,10,FALSE,天候を5ターンの間に限り、『あられ』状態にする。
37,アルティメットドラゴンバーン,4,1,0,999,1,TRUE,『ドラゴン』のZ技。わざの威力や分類は元の『わざ』によって変化するが、元の威力が高いほど威力が高くなる。命中率は100%で、必ず相手に命中する。
38,アロマセラピー,14,3,0,,5,FALSE,すべての味方のポケモンがかかっている状態異常を回復する。
39,アロマミスト,16,3,0,,20,FALSE,味方『特防』を1ランク上げる。
40,あわ,15,2,40,100,30,FALSE,1割の確率で相手の『素早さ』ランクを1段階低下させる。
41,アンカーショット,2,1,80,100,20,TRUE,相手は逃げる・交代ができなくなる。
42,アンコール,18,3,0,100,5,FALSE,3ターンの間、相手は最後に使用した技以外使うことができなくなる。
43,アームハンマー,3,1,100,90,10,TRUE,攻撃した後、自分の『素早さ』が1ランク下がる。
44,いあいぎり,18,1,50,95,30,TRUE,通常攻撃
45,いえき,9,3,0,100,10,FALSE,相手の『とくせい』の効果を消し去る。
46,イカサマ,1,1,95,100,15,TRUE,相手の『攻撃』でダメージを与える。
47,いかり,18,1,20,100,20,TRUE,相手の攻撃を受けるごとに、この技の威力が倍増していくが、この技を連続で繰り出さなければ元の威力に戻る。
48,いかりのこな,11,3,0,,20,FALSE,優先度+2で行動できるため先制攻撃が可能。ダブルバトルであれば、そのターン相手が技を発動する時、自分しか選択できなくなる。
49,いかりのまえば,18,1,0,90,10,TRUE,相手の残りHPを50%削る。
50,いじげんホール,8,2,80,,5,FALSE,"相手の以下の技の効果を受けない。
『まもる』『みきり』『たたみがえし』『キングシールド』『ニードルガード』"
51,いじげんラッシュ,1,1,100,,5,TRUE,"相手の以下の技の効果を受けない。
攻撃後、自分の『防御』が1ランク下がる。
『まもる』『みきり』『たたみがえし』『キングシールド』『ニードルガード』"
52,いたみわけ,18,3,0,,20,FALSE,自分と相手のHPを、足して2で割った数値で統一する。
53,いちゃもん,1,3,0,100,15,FALSE,相手は前ターンと同じ技を2回連続で出せなくなる。
54,いとをはく,11,3,0,95,40,FALSE,相手の『素早さ』ランクを2段階低下させる。
55,いにしえのうた,18,2,75,100,10,FALSE,1割の確率で相手を『ねむり』状態にする。
56,いのちがけ,3,2,0,100,5,TRUE,自分のHP分の固定ダメージを与え、自分は『ひんし』状態になる。
57,いばる,18,3,0,85,15,FALSE,相手の『攻撃』ランクを2段階上昇させ、『こんらん』の状態異常を与える。
58,いびき,18,2,50,100,15,FALSE,自分が『ねむり』状態の時のみ使用可能。3割の確率で相手をひるませることができる。
59,いやしのすず,18,3,0,,5,FALSE,すべての味方のポケモンの状態異常を回復させる。
60,いやしのねがい,8,3,0,,10,FALSE,自分が『ひんし』になるが、次に出す手持ちポケモンの状態異常を回復し、HPも全回復する。
61,いやしのはどう,8,3,0,,10,FALSE,相手は最大HPの1/2分だけ回復する。
62,いやなおと,18,3,0,85,40,FALSE,相手の『防御』ランクを2段階低下させる。
63,いわおとし,17,1,50,90,15,FALSE,通常攻撃
64,いわくだき,3,1,40,100,15,FALSE,5割の確率で相手の『防御』ランクを1段階低下させる。
65,いわなだれ,17,1,75,90,10,TRUE,3割の確率で相手をひるませることができる。
66,インファイト,3,1,120,100,5,TRUE,攻撃した後、『防御』『特防』が1ランクずつ下がる。
67,ウェザーボール,18,2,50,100,10,FALSE,"天候によってタイプが変化し、威力が2倍になる。タイプ変化は以下の通り。
『ひざしがつよい』→『ほのお』タイプ
『あめ』→『みず』タイプ
『あられ』→『こおり』タイプ
『すなあらし』→『いわ』タイプ
"
68,うずしお,15,2,35,85,15,FALSE,4～5ターンの間、毎ターン終了時に最大HPの1/8のダメージを相手に与える。その間相手は逃げる・交代のアクションができない。
69,うそなき,1,3,0,100,20,FALSE,相手の『特防』ランクを2段階低下させる。
70,うたう,18,3,0,55,15,FALSE,相手に2～4ターンの間『ねむり』の状態異常を与える。
71,うたかたのアリア,15,2,90,100,10,FALSE,全体攻撃。技を受けた相手の『やけど』を治す。
72,うちおとす,17,1,50,100,15,FALSE,命中した『ひこう』タイプや特性が『ふゆう』の相手にも、『じめん』タイプの技が当たるようになる。
73,ウッドハンマー,14,1,120,100,15,TRUE,与えたダメージの1/3を反動として受ける。
74,ウッドホーン,14,1,75,100,10,TRUE,相手を攻撃した時、与えたダメージの半分を吸収し、自分のHPとして回復する。
75,うらみ,7,3,0,100,10,FALSE,最後に使った技のPPを4減らす。
76,ウルトラダッシュアタック,18,1,0,999,1,TRUE,『ノーマル』のZ技。命中率は100%で、必ず相手に命中する。
77,エアカッター,12,2,60,95,25,FALSE,1/6の確率で急所に当たる。
78,エアスラッシュ,12,2,75,95,15,FALSE,3割の確率で相手をひるませることができる。
79,エアロブラスト,12,2,100,95,5,FALSE,1/6の確率で急所に当たる。
80,エコーボイス,18,2,40,100,15,FALSE,場の誰かが『エコーボイス』を使う度に威力が40ずつ上昇する。
81,エナジーボール,14,2,90,100,10,FALSE,1割の確率で相手の『特防』を1段階下げる。
82,エレキネット,5,2,55,95,15,FALSE,命中すると相手の『素早さ』を1段階下げる。
83,エレキフィールド,5,3,0,,10,FALSE,5ターンの間、フィールドがエレキフィールドになる。地面にいるポケモンは『ねむり』状態になることがない。手持ちポケモンの先頭に配置するとレベルの高い野生のポケモンの出現率が上昇する。『でんき』タイプの技の威力が1.5倍になる。
84,エレキボール,5,2,0,100,10,FALSE,相手より『素早さ』が高ければ高いほど、威力が高まる。
85,えんまく,18,3,0,100,20,FALSE,相手の『命中率』ランクを1段階低下させる。
86,おいうち,1,1,40,100,20,TRUE,相手がポケモンを交換しようとする時に攻撃すると、交換前のポケモンに通常の2倍のダメージを与えることができる。
87,おいかぜ,12,3,0,,30,FALSE,4ターンの間、自分と味方の『素早さ』が2倍になる。使用したポケモンが場を離れても、効果は持続する。
88,おいわい,18,3,0,0,40,FALSE,特に効果なし。
89,おうふくビンタ,18,1,15,85,10,TRUE,1回の攻撃で2～5回の連続攻撃を行う。
90,オウムがえし,12,3,0,,20,FALSE,相手が最後に使った技を繰り出す。
91,おきみやげ,1,3,0,100,10,FALSE,自分は『ひんし』になる代わりに、相手の『攻撃』『特攻』ランクを2段階ずつ低下させる。
92,オクタンほう,15,2,65,85,10,FALSE,5割の確率で相手の命中率を1段階低下させる。
93,おさきにどうぞ,18,3,0,,15,FALSE,命中した相手は『素早さ』に関係なく、技を受けた直後に行動する。
94,おしおき,1,1,0,100,5,TRUE,相手の『のうりょく』ランクが高くなっていれば高くなっているほど、威力が高くなる。
95,おしゃべり,12,2,65,100,20,FALSE,攻撃が命中したら、相手を『こんらん』状態にする。
96,おたけび,18,3,0,100,30,FALSE,相手の『攻撃』『特攻』を1段階下げる。
97,おだてる,1,3,0,100,15,FALSE,相手の『特攻』ランクを1段階上昇させてしまうが、相手に『こんらん』の状態異常を与える。
98,おどろかす,7,1,30,100,15,TRUE,3割の確率で相手をひるませることができる。
99,おにび,10,3,0,85,15,FALSE,相手に『やけど』の状態異常を与える。
100,おまじない,18,3,0,,30,FALSE,5ターンの間、相手の攻撃が急所に当たらない。
101,オリジンズスーパーノヴァ,8,2,185,999,1,FALSE,『ミュウ』の専用Z技。攻撃の後、場を『サイコフィールド』にする。命中率は100%で、必ず相手に命中する。
102,おんがえし,18,1,0,100,20,TRUE,ポケモンのなつき度によって威力が変動する。最大威力は102。
103,おんねん,7,3,0,,5,FALSE,おんねんを使ったあと、相手の技のダメージで『ひんし』状態になった場合、相手のその技のPPを0にする。
104,オーバーヒート,10,2,130,90,5,FALSE,攻撃が命中した後、自分の『特攻』ランクが2ランク低下する。
105,オーロラビーム,6,2,65,100,20,FALSE,1割の確率で相手の『攻撃』を1段階下げる。
106,オーロラベール,6,3,0,,20,FALSE,天候が『あられ』状態の時のみ使用できる。5ターンの間、自分と味方が受ける物理技と特殊技のダメージを半分にする。
107,かいでんぱ,5,3,0,100,15,FALSE,相手の『特攻』を2段階下げる。
108,かいふくしれい,11,3,0,,10,FALSE,HPを最大HPの50%回復する。
109,かいふくふうじ,8,3,0,100,15,FALSE,5ターンの間、相手の回復系の技の使用を封じる。
110,かいりき,18,1,80,100,15,TRUE,通常攻撃
111,カウンター,3,1,0,100,20,TRUE,相手から受けた物理攻撃のダメージを相手に2倍で返す。優先度は-5なので、確実に後攻になる。
112,かえんぐるま,10,1,60,100,25,TRUE,1割の確率で相手に『やけど』の状態異常を与える。自分が『こおり』状態の時でも使用でき、使うと『こおり』状態から回復する。
113,かえんだん,10,2,100,100,5,FALSE,自分を除いた全体を攻撃する。3割の確率で相手を『やけど』状態にする。
114,かえんほうしゃ,10,2,90,100,15,FALSE,1割の確率で相手に『やけど』の状態異常を与える。
115,かぎわける,18,3,0,,40,FALSE,相手の回避率に関係なく攻撃が当たるようになる。相手が『ゴースト』タイプの時、『ノーマル』『かくとう』タイプの技が当たるようになる。
116,かくばる,18,3,0,,30,FALSE,自分の『攻撃』ランクを1段階上昇させる。
117,かげうち,7,1,40,100,30,TRUE,優先度+1で攻撃できる。(先制攻撃)
118,かげぬい,7,1,80,100,10,TRUE,相手は逃げる・交代ができなくなる。
119,かげぶんしん,18,3,0,,15,FALSE,自分の『回避率』を1段階上昇させる。
120,かぜおこし,12,2,40,100,35,FALSE,以下の技を相手が使用している時に『かぜおこし』を繰り出すと相手に命中し、ダメージが2倍に上昇する。『そらをとぶ』『とびはねる』『フリーフォール』
121,かたきうち,18,1,70,100,5,TRUE,前のターンに味方が『ひんし』になった場合、威力が2倍になる。
122,かたくなる,18,3,0,,30,FALSE,自分の『防御』ランクを1段階上昇させる。
123,かなしばり,18,3,0,100,20,FALSE,相手が最後に使った技を、4ターンの間封じる。
124,かふんだんご,11,2,90,100,15,FALSE,味方に攻撃した時、味方のHPを回復する。
125,かまいたち,18,2,80,100,10,FALSE,1ターン目で力を溜め、2ターン目で相手を攻撃する。1/6の確率で急所に当たる。
126,かみくだく,1,1,80,100,15,TRUE,2割の確率で相手の『防御』ランクを1段階低下させる。
127,かみつく,1,1,60,100,25,TRUE,3割の確率で相手をひるませることができる。
128,かみなり,5,2,110,70,10,FALSE,3割の確率で相手に『まひ』の状態異常を与える。天候によって命中率が変動する。『あめ』の時は必ず命中するが『ひざしがつよい』の時は命中率が半分になる。
129,かみなりのキバ,5,1,65,95,15,TRUE,1割の確率で相手を『まひ』状態にする。もしくは、ひるませる。
130,かみなりパンチ,5,1,75,100,15,TRUE,1割程度の確率で相手に『まひ』の状態異常を与える。
131,からげんき,18,1,70,100,20,TRUE,『どく』『まひ』『やけど』の状態異常にかかっている時、威力が2倍に上昇する。また、『やけど』による『攻撃』の半減の影響を受けない。
132,からてチョップ,3,1,50,100,25,TRUE,1/6の確率で急所に当たる。
133,からではさむ,15,1,35,85,15,TRUE,4～5ターンの間、毎ターン終了時に最大HPの1/8のダメージを相手に与える。その間相手は逃げる・交代のアクションができない。
134,からにこもる,15,3,0,,40,FALSE,『防御』ランクを1段階上昇させる。
135,からみつく,18,1,10,100,35,TRUE,1割の確率で相手の『素早さ』ランクを1段階低下させる。
136,からをやぶる,18,3,0,,15,FALSE,『防御』『特防』が1ランク下がる。一方で、『攻撃』『特攻』『素早さ』は2ランクずつ上がる。
137,かわらわり,3,1,75,100,15,TRUE,『リフレクター』『ひかりのかべ』を無効にする。
138,がまん,18,1,0,,10,TRUE,優先度+1で行動できるため先制で技を繰り出すことができる。その後2ターンの間に受けた総ダメージを2倍にして相手に返す。
139,がむしゃら,18,1,0,100,5,TRUE,相手のHPを自分の残りHPと同じにする。
140,ガリョウテンセイ,12,1,120,100,5,TRUE,使用後自分の『防御』『特防』が1ランクずつ下がる。
141,がんせきふうじ,17,1,60,95,15,FALSE,相手の『素早さ』ランクを1段階低下させる。
142,がんせきほう,17,1,150,90,5,TRUE,使用した次のターンは反動によって行動ができない。
143,ガーディアン・デ・アローラ,16,2,0,999,1,FALSE,『カプ・コケコ』『カプ・テテフ』『カプ・ブルル』『カプ・レヒレ』の専用Z技。相手に、相手の残りHPの75%をダメージとして与える。命中率は100%で、必ず相手に命中する。
144,ガードシェア,8,3,0,,10,FALSE,自分と相手の『防御』と『特防』をお互いの平均値とする。
145,ガードスワップ,8,3,0,,10,FALSE,自分と相手の『防御』『特防』を入れ替える。
146,きあいだま,3,2,120,70,5,FALSE,1割の確率で相手の『特防』を1段階下げる。
147,きあいだめ,18,3,0,,30,FALSE,『急所』が2ランク上がり、自分の攻撃が相手の急所に当たる確率が上昇する。
148,きあいパンチ,3,1,150,100,20,TRUE,優先度-3の行動になるため後攻ではあるが、威力が高い。ただし、自分が攻撃するまでに相手からダメージを受けるとこの技は失敗する。
149,きしかいせい,3,1,0,100,15,TRUE,自分の残りHPが少ないほど威力が上昇する。最大威力200。
150,きつけ,18,1,70,100,10,TRUE,相手が『まひ』状態だった場合、与えるダメージは2倍になる。その後相手のポケモンは『まひ』状態から回復する。
151,キノコのほうし,14,3,0,100,15,FALSE,相手に『ねむり』の状態異常を与える。
152,きゅうけつ,11,1,80,100,10,TRUE,相手を攻撃した時、与えたダメージの半分を吸収し、自分のHPとして回復する。
153,きりさく,18,1,70,100,20,TRUE,1/6の確率で急所に当たる。
154,きりばらい,12,3,0,,15,FALSE,相手の回避率を1段階下げる。以下の技の効果を消し去る。『しろいきり』『ひかりのかべ』『リフレクター』『しんぴのまもり』『まきびし』『どくびし』『ステルスロック』『ねばねばネット』
155,きりふだ,18,2,0,999,5,TRUE,『きりふだ』の残りPPが少ない程、威力が高くなる。命中率は100%で、必ず相手に命中する。
156,キングシールド,2,3,0,,10,FALSE,優先度+4で行動できる。使用したターンは相手の攻撃を無効化する。また、直接攻撃をしてきた相手の『攻撃』を2ランク下げる。ただし、『おにび』『でんじは』などの変化技は防げない。
157,きんぞくおん,2,3,0,85,40,FALSE,『特防』ランクを2段階低下させる。
158,ギアソーサー,2,1,50,85,15,TRUE,1ターンの間に2回連続攻撃を与える。
159,ギアチェンジ,2,3,0,,10,FALSE,自分の『素早さ』が2ランク上がる。『攻撃』ランクは1段階上がる。
160,ギガインパクト,18,1,150,90,5,TRUE,使用した次のターンは反動によって行動ができない。
161,ギガドレイン,14,2,75,100,10,FALSE,相手を攻撃した時、与えたダメージの半分を吸収し、自分のHPとして回復する。
162,ギフトパス,18,3,0,,15,FALSE,相手がどうぐを持っていない時に限り、自分のどうぐを相手に渡すことができる。また発動後、自分は道具なしとなる。
163,ぎんいろのかぜ,11,2,60,100,5,FALSE,1割の確率で、全ステータスのランクが1ランクずつ上昇する。
164,くさのちかい,14,2,80,100,10,FALSE,『みずのちかい』と組み合わせて使用すると4ターンの間相手の『素早さ』が下がる。『ほのおのちかい』と組み合わせて使用すると、4ターンの間毎ターン『ほのお』タイプ以外の相手にダメージを与える。
165,くさぶえ,14,3,0,55,15,FALSE,相手に『ねむり』の状態異常を与える。
166,くさむすび,14,2,0,100,20,TRUE,相手の『重さ』が重ければ重いほど威力が上昇する。最低威力は20。最高威力は120。
167,くすぐる,18,3,0,100,20,FALSE,『攻撃』『防御』ランクを1段階ずつ低下させる。
168,くちばしキャノン,12,1,100,100,15,FALSE,優先度-3で行動することになる。技を出す前に直接攻撃を受けると、相手は『やけど』状態になる。
169,クモのす,11,3,0,,10,FALSE,相手は逃げる・交代ができなくなる。
170,クラブハンマー,15,1,100,90,10,TRUE,1/6の確率で急所に当たる。
171,クリアスモッグ,9,2,50,,15,FALSE,命中した相手の『のうりょく』ランク補正を無効にする。
172,くろいきり,6,3,0,,30,FALSE,すべてのポケモンの『のうりょく』ランクの補正を±0に戻す。
173,くろいまなざし,18,3,0,,5,FALSE,相手は逃げる・交代ができなくなる。
174,クロスサンダー,5,1,100,100,5,FALSE,『クロスフレイム』と組み合わせて使用した時、威力が上がる。
175,クロスチョップ,3,1,100,80,5,TRUE,1/6の確率で急所に当たる。
176,クロスフレイム,10,2,100,100,5,FALSE,『クロスサンダー』と組み合わせて使用した時、威力が上がる。
177,クロスポイズン,9,1,70,100,20,TRUE,急所に当たりやすい。1割の確率で相手を『どく』状態にする。
178,グラスフィールド,14,3,0,,10,FALSE,5ターンの間、グラスフィールドにする。地面にいるすべてのポケモンはターン経過毎に最大HPの1/16ずつ回復する。また、『くさ』タイプの技の威力は50%上昇する。『じしん』『じならし』『マグニチュード』の威力は50%に軽減される。
179,グラスミキサー,14,2,65,90,10,FALSE,5割の確率で相手の命中率を1段階低下させる。
180,グランドフォース,13,1,90,100,10,FALSE,通常攻撃
181,グロウパンチ,3,1,40,100,20,TRUE,命中すると、自分の『攻撃』が1ランク上がる。
182,けたぐり,3,1,0,100,20,TRUE,相手の『重さ』が重ければ重いほど威力が上昇する。最低威力は20。最高威力は120。
183,げきりん,4,1,120,100,10,TRUE,2～3ターン連続で攻撃を与えた後、自分は『こんらん』状態になる。
184,ゲップ,9,2,120,90,10,FALSE,特に何もおこらない。『きのみ』を食べた後に使える。
185,げんしのちから,17,2,60,100,5,FALSE,1割の確率で、全ステータスのランクが1ランクずつ上昇する。
186,コアパニッシャー,4,2,100,100,10,FALSE,全体攻撃。そのターンにすでに技を使用していたポケモンがこの技のダメージを受けた場合、そのポケモンは特性がなくなる。
187,こうげきしれい,11,1,90,100,15,FALSE,1/6の確率で急所に当たる。
188,こうごうせい,14,3,0,,5,FALSE,"HPを回復する。回復量は天候によって変動する。回復量は以下の通り。
『通常』→最大HPの1/2回復。
『ひざしがつよい』→最大HPの2/3回復。
『あめ』『あられ』『すなあらし』→最大HPの1/4回復。
"
189,こうそくいどう,8,3,0,,30,FALSE,『素早さ』ランクが2段階上昇する。
190,こうそくスピン,18,1,20,100,40,TRUE,以下の拘束技から解放される。『うずしお』『からではさむ』『しめつける』『すなじごく』『ほのおのうず』『マグマストーム』『まきつく』『ステルスロック』『どくびし』『まきびし』『やどりぎのタネ』
191,こおりのいぶき,6,2,60,90,10,FALSE,急所率に関係なく、必ず急所に当たる。
192,こおりのキバ,6,1,65,95,15,TRUE,1割の確率で相手を『こおり』状態にする。もしくは、ひるませる。
193,こおりのつぶて,6,1,40,100,30,TRUE,優先度+1で攻撃できる。(先制攻撃)
194,こころのめ,18,3,0,,5,FALSE,次のターン、自分の技が100%の確率で命中する。
195,こごえるかぜ,6,2,55,95,15,FALSE,命中した相手の『素早さ』を1段階下げる。
196,こごえるせかい,6,2,65,95,10,FALSE,命中した相手の『素早さ』を1段階下げる。
197,コスモパワー,8,3,0,,20,FALSE,『防御』『特防』ランクが1ランクずつ上昇する。
198,コットンガード,14,3,0,,10,FALSE,『防御』ランクが3段階上がる。
199,こなゆき,6,2,40,100,25,FALSE,1割の確率で相手に『こおり』の状態異常を与える。
200,このは,14,1,40,100,40,TRUE,通常攻撃
201,このゆびとまれ,18,3,0,,20,FALSE,優先度+2で行動できるため先制攻撃が可能。ダブルバトルであれば、そのターン相手が技を発動する時、自分しか選択できなくなる。
202,コメットパンチ,2,1,90,90,10,TRUE,2割の確率で自分の『攻撃』ランクが1ランク上昇する。
203,こらえる,18,3,0,,10,FALSE,優先度＋4で行動できるため先制攻撃できる。そのターンに『ひんし』状態になる攻撃を受けてもHP1で耐える。
204,ころがる,17,1,30,90,20,TRUE,外れるまで5ターン連続で攻撃し、当たる度に威力が2倍になっていく。『まるくなる』を使っている状態でこの技を使うと威力が2倍になる。
205,こわいかお,18,3,0,100,10,FALSE,相手の『素早さ』ランクを2段階低下させる。
206,こんげんのはどう,15,2,110,85,10,FALSE,通常攻撃
207,コールドフレア,6,2,140,90,5,FALSE,1ターン目は溜めて、2ターン目で攻撃する。3割の確率で『やけど』状態にする。
208,ゴッドバード,12,1,140,90,5,FALSE,1ターン目で力を溜め、2ターン目で攻撃する。3割の確率で相手をひるませることができる。1/6の確率で急所に当たる。
209,ゴーストダイブ,7,1,90,100,10,TRUE,1ターン目にすがたを消して、2ターン目に攻撃を与える。相手の以下の技の効果を受けない。また、対象が『ちいさくなる』を使用していると100%の確率でヒットし、威力は2倍になる。『まもる』『みきり』『たたみがえし』『キングシールド』『ニードルガード』
210,サイケこうせん,8,2,65,100,20,FALSE,1割の確率で相手に『こんらん』の状態異常を与える。
211,サイコウェーブ,8,2,0,100,15,FALSE,自分のレベルによってダメージが変動する。(自分のレベル×0.5～1.5の間)
212,サイコカッター,8,1,70,100,20,FALSE,1/6の確率で急所に当たる。
213,サイコキネシス,8,2,90,100,10,FALSE,1割の確率で相手の『特防』を1段階下げる。
214,サイコシフト,8,3,0,100,10,FALSE,自分の状態異常を相手に同じ状態異常を移し、自分は回復する。
215,サイコショック,8,2,80,100,10,FALSE,特殊攻撃だが『特防』ではなく『防御』の能力値でダメージ計算する。
216,サイコファング,8,1,85,100,10,TRUE,相手の『リフレクター』『オーロラベール』を無効化する。また、『オーロラベール』『リフレクター』に加えて『ひかりのかべ』を破壊する。
217,サイコフィールド,8,3,0,,10,FALSE,5ターンの間、フィールドがサイコフィールドになる。地面にいるポケモンは先制を受けず、『エスパー』技の威力がアップする。
218,サイコブレイク,8,2,100,100,10,FALSE,特殊攻撃だが『特防』ではなく『防御』の能力値でダメージ計算する。
219,サイコブースト,8,2,140,90,5,FALSE,攻撃の後、自分の『特攻』が2ランク下がる。
220,サイドチェンジ,8,3,0,,15,FALSE,優先度＋2で行動できる。自分と味方の位置を交代する。
221,さいはい,8,3,0,,15,FALSE,指定した相手が最後に使用した技を、再度使わせる。
222,さいみんじゅつ,8,3,0,60,20,FALSE,相手に『ねむり』の状態異常を与える。
223,サウザンアロー,13,1,90,100,10,TRUE,『じめん』タイプの技の効果を受けない『ひこう』タイプや特性『ふゆう』のポケモンにもヒットさせることができる。また、『サウザンアロー』使用後は『じめん』タイプの技を当てることが出来る。
224,サウザンウェーブ,13,1,90,100,10,TRUE,相手は逃げる・交代ができなくなる。
225,さきおくり,1,3,0,100,15,FALSE,相手の『素早さ』に関係なく、行動順を最後にする。
226,さきどり,18,3,0,,20,FALSE,相手より先に行動できる時のみ成功する。相手が使おうとしている攻撃技のダメージを1.5倍にして使う。後攻になると失敗する。
227,さしおさえ,1,3,0,100,15,FALSE,5ターンの間、『どうぐ』を使えなくなる。
228,さばきのつぶて,18,2,100,100,10,FALSE,『プレート』を持たせていると持たせた『プレート』によって『タイプ』が変わる。
229,さわぐ,18,2,90,100,10,FALSE,3ターン連続で攻撃する。その間はすべてのポケモンが『ねむり』状態になることがない。手持ちポケモンの先頭に配置するとレベルの高い野生のポケモンの出現率が上昇する。
230,シェルブレード,15,1,75,95,10,TRUE,5割の確率で相手の『防御』ランクを1段階低下させる。
231,しおふき,15,2,150,100,5,FALSE,自分の残りHPによって威力が変化する。最大威力は150。計算式は「威力=150×残りHP÷最大HP」。
232,しおみず,15,2,65,100,10,FALSE,相手のHPが最大HPの半分以下の時に使用すると、威力が2倍になる。
233,シグナルビーム,11,2,75,100,15,FALSE,1割の確率で相手に『こんらん』の状態異常を与える。
234,シザークロス,11,1,80,100,15,TRUE,通常攻撃
235,しぜんのいかり,16,2,0,90,10,FALSE,相手の残りHPを50%削る。
236,しぜんのちから,18,3,0,,20,FALSE,"その場の地形によって出る技が変化する。地形と技の組み合わせは以下の通り。
草むら→『エナジーボール』沼地→『どろばくだん』水上→『ハイドロポンプ』砂地→『だいちのちから』岩場・洞窟→『パワージェム』雪原→『こおりのいぶき』氷上→『れいとうビーム』ミストフィールド→『ムーンフォース』グラスフィールド→『エナジーボール』エレキフィールド→『10まんボルト』それ以外→『トライアタック』となる。
"
237,しぜんのめぐみ,18,1,0,100,15,FALSE,持っている『きのみ』によって『タイプ』と威力が変わる。成功した場合、『きのみ』はなくなる。
238,したでなめる,7,1,30,100,30,TRUE,3割の確率で相手に『まひ』の状態異常を与える。
239,しちせいだっこんたい,7,1,195,999,1,TRUE,『マーシャドー』の専用Z技。命中率は100%で、必ず相手に命中する。
240,しっぺがえし,1,1,50,100,10,TRUE,自分の方が相手より行動が遅い時、威力が2倍になる。
241,しっぽをふる,18,3,0,100,30,FALSE,相手の『防御』ランクを1段階減少させる。
242,しねんのずつき,8,1,80,90,15,TRUE,2割の確率で相手をひるませることができる。
243,しびれごな,14,3,0,75,30,FALSE,相手に『まひ』の状態異常を与える。
244,しぼりとる,18,2,0,100,5,TRUE,相手の残りHPが多ければ多いほど威力が高くなる。最高威力は120で、最小威力は1。
245,しめつける,18,1,15,85,20,TRUE,4～5ターンの間、毎ターン終了時に最大HPの1/8のダメージを相手に与える。その間相手は逃げる・交代のアクションができない。
246,シャドーアローズストライク,7,1,180,999,1,TRUE,『ジュナイパ』の専用Z技。命中率は100%で、必ず相手に命中する。
247,シャドークロー,7,1,70,100,15,TRUE,1/6の確率で急所に当たる。
248,シャドースチール,7,1,90,100,10,TRUE,相手能力の変化を盗んで攻撃する。
249,シャドーダイブ,7,1,120,100,5,TRUE,1ターン目に姿を消し、2ターン目に攻撃する。『ちいさくなる』状態の相手に100%の確率で命中し、2倍のダメージを与える。相手の以下の技の効果を受けない。『まもる』『みきり』『たたみがえし』『キングシールド』『ニードルガード』
250,シャドーパンチ,7,1,60,999,20,TRUE,命中率は100%で、必ず相手に命中する。
251,シャドーボール,7,2,80,100,15,FALSE,2割の確率で相手の『特防』ランクを1段階低下させる。
252,シャドーボーン,7,1,85,100,10,TRUE,必ず、相手の『防御』を1段階下げる。
253,シャドーレイ,7,2,100,100,5,FALSE,相手の特性の効果を無視して攻撃する。
254,しろいきり,6,3,0,,30,FALSE,5ターンの間、味方の『のうりょく』が下がることはなくなる。
255,しんくうは,3,2,40,100,30,FALSE,優先度＋1で行動できる。(先制攻撃)
256,シンクロノイズ,8,2,120,100,10,FALSE,自分と同じ『タイプ』の相手のみへダメージを与える。
257,しんそく,18,1,80,100,5,TRUE,優先度＋2で行動できるため、先制攻撃が可能。
258,しんぴのつるぎ,3,2,85,100,10,FALSE,特殊攻撃だが『特防』ではなく『防御』の能力値でダメージ計算する。
259,しんぴのまもり,18,3,0,,25,FALSE,5ターンの間に限り、状態異常になる効果は無効にできる。
260,シンプルビーム,18,3,0,100,15,FALSE,命中した相手の特性を『たんじゅん』に変える。
261,シードフレア,14,2,120,85,5,FALSE,4割の確率で相手の『特防』を2段階下げる。
262,ジオコントロール,16,3,0,,10,FALSE,1ターン目に力を溜めて、2ターン目に自分の『特攻』『特防』『素早さ』を2ランクずつ上げる。
263,じこあんじ,18,3,0,,10,FALSE,相手にかかっているランク補正効果と同じランク補正効果を自分にもかける。
264,じこさいせい,18,3,0,,10,FALSE,最大HPの50%回復する。
265,じごくぐるま,3,1,80,80,25,TRUE,攻撃後、相手に与えたダメージの1/4を反動として自分もダメージを受ける。
266,じごくづき,1,1,80,100,15,TRUE,2ターンの間、相手は『音』系の技を使えなくなる。
267,じしん,13,1,100,100,10,FALSE,相手が『あなをほる』を使い地中に潜っている時でも命中する。その際ダメージは2倍に上昇する。
268,じたばた,18,1,0,100,15,TRUE,自分の残りHPが少ないほど威力が上昇する。最大威力200。
269,じだんだ,13,1,75,100,10,TRUE,前のターンで自分の技が失敗していると、この威力は2倍になる。
270,じならし,13,1,60,100,20,FALSE,命中した相手の『素早さ』を1段階下げる。
271,じばく,18,1,200,100,5,FALSE,相手に大ダメージを与える代わりに自分は『ひんし』状態になる。
272,じばそうさ,5,3,0,,20,FALSE,以下の特性を持つポケモンの『防御』『特防』が1ランクずつ上がる。『プラス』『マイナス』
273,ジャイロボール,2,1,0,100,5,TRUE,相手より『素早さ』が遅ければ遅いほど威力が高くなる。最大威力は150で、最小値は1。
274,じゃれつく,16,1,90,90,10,TRUE,1割の確率で相手の『攻撃』を1段階下げる。
275,じゅうでん,5,3,0,,20,FALSE,『特防』ランクが1ランク上昇する。使用した次のターン、自分の『でんき』タイプの技で与えるダメージは2倍に上昇する。
276,じゅうりょく,8,3,0,,5,FALSE,5ターンの間、すべてのポケモンの命中率が60％上昇する。特性『ふゆう』や、『ひこう』タイプのポケモンに『じめん』タイプの技や『まきびし』『ねばねばネット』などが当たるようになる。また、以下の技が使えなくなる。『そらをとぶ』『はねる』『とびげり』『とびひざげり』『とびはねる』『でんじふゆう』『フリーフォール』
277,じょうか,9,3,0,,20,FALSE,相手の状態異常を回復し、自分のHPを回復する。
278,じわれ,13,1,0,30,5,FALSE,相手に『一撃必殺』の攻撃を繰り出す。相手のレベルが自分より高かった場合、命中率が下がり失敗しやすくなる。
279,じんつうりき,8,2,80,100,20,FALSE,1割の確率で相手をひるませることができる。
280,すいとる,14,2,20,100,25,FALSE,相手を攻撃した時、与えたダメージの半分を吸収し、自分のHPとして回復する。
281,スイープビンタ,18,1,25,85,10,TRUE,1回の攻撃で2～5回の連続攻撃を行う。
282,スカイアッパー,3,1,85,90,15,TRUE,相手が以下の技を使用中でも命中する。『そらをとぶ』『とびはねる』『フリーフォール』
283,スキルスワップ,8,3,0,,10,FALSE,自分と相手の特性を入れ替える。
284,スケイルノイズ,4,2,110,100,5,FALSE,全体攻撃。攻撃した後、自分の『防御』が1ランク下がる。
285,スケッチ,18,3,0,,1,FALSE,相手が最後に使った技をコピーして覚える。コピーするとこの技は忘れてしまう。
286,スチームバースト,15,2,110,95,5,FALSE,自分を除いた全体を攻撃する。3割の確率で相手を『やけど』状態にする。
287,すてゼリフ,1,3,0,100,20,FALSE,相手の『攻撃』『特攻』を1段階下げる。その後、手持ちのポケモンと入れ替わる。
288,すてみタックル,18,1,120,100,15,TRUE,攻撃後、相手に与えたダメージの1/3を反動として自分もダメージを受ける。
289,ステルスロック,17,3,0,,20,FALSE,相手がポケモンを交換する度に、場に出たポケモンは最大HPの1/8のダメージを受ける。その際、『ステルスロック』の『いわ』タイプの相性影響を受ける。
290,ストーンエッジ,17,1,100,80,5,FALSE,1/6の確率で急所に当たる。
291,すなあつめ,13,3,0,,10,FALSE,最大HPの半分だけ、HPを回復する。天候が『すなあらし』の場合、最大HPの2/3を回復する。
292,すなあらし,17,3,0,,10,FALSE,5ターンの間に限り、天候を『すなあらし』が吹き荒れる状態にする。
293,すなかけ,13,3,0,100,15,FALSE,相手の『命中率』ランクを1段階低下させる。
294,すなじごく,13,1,35,85,15,FALSE,4～5ターンの間、毎ターン終了時に最大HPの1/8のダメージを相手に与える。その間相手は逃げる・交代のアクションができない。
295,スパーキングギガボルト,5,1,0,999,1,TRUE,『でんき』のZ技。わざの威力や分類は元の『わざ』によって変化するが、元の威力が高いほど威力が高くなる。命中率は100%で、必ず相手に命中する。
296,スパーク,5,1,65,100,20,TRUE,3割の確率で相手に『まひ』の状態異常を与える。
297,スピードスター,18,2,60,999,20,FALSE,命中率は100%で、必ず相手に命中する。
298,スピードスワップ,8,3,0,,10,FALSE,自分と相手の『素早さ』の能力変化を入れ替える。
299,スプーンまげ,8,3,0,80,15,FALSE,相手の『命中率』ランクを1段階低下させる。
300,スポットライト,18,3,0,,15,FALSE,技を与えたポケモンは全ての技を受ける。（優先度＋3）
301,スマートホーン,2,1,70,999,10,TRUE,命中率は100%で、必ず相手に命中する。
302,スモッグ,9,2,30,70,20,FALSE,4割の確率で相手に『どく』の状態異常を与える。
303,すりかえ,1,3,0,100,10,FALSE,相手と自分が持っている『どうぐ』を交換する。
304,スーパーアクアトルネード,15,1,0,999,1,TRUE,『みず』のZ技。わざの威力や分類は元の『わざ』によって変化するが、元の威力が高いほど威力が高くなる。命中率は100%で、必ず相手に命中する。
305,ずつき,18,1,70,100,15,TRUE,3割の確率で相手をひるませることができる。
306,せいちょう,18,3,0,,40,FALSE,『攻撃』『特攻』が1ランクずつ上昇する。『ひざしがつよい』の時は、2段階ずつ上昇する。
307,せいなるつるぎ,3,1,90,100,20,TRUE,相手の『のうりょく』変化を無視してダメージを与えることができる。
308,せいなるほのお,10,1,100,95,5,FALSE,5割の確率で相手に『やけど』の状態異常を与える。『こおり』状態の時でも使用でき、使うと『こおり』状態から回復する。
309,ぜったいほしょくかいてんざん,11,1,0,999,1,TRUE,『むし』のZ技。わざの威力や分類は元の『わざ』によって変化するが、元の威力が高いほど威力が高くなる。命中率は100%で、必ず相手に命中する。
310,ぜったいれいど,6,2,0,30,5,FALSE,相手に『一撃必殺』の攻撃を繰り出す。相手のレベルが自分より高かった場合、命中率が下がり失敗しやすくなる。
311,ぜんりょくむそうげきれつけん,3,1,0,999,1,TRUE,『かくとう』のZ技。わざの威力や分類は元の『わざ』によって変化するが、元の威力が高いほど威力が高くなる。命中率は100%で、必ず相手に命中する。
312,そうでん,5,3,0,,20,FALSE,相手より先に使用すると、相手の攻撃は『でんき』タイプになる。
313,ソニックブーム,18,2,0,90,20,FALSE,20の固定ダメージを相手に与える。
314,そらをとぶ,12,1,90,95,15,TRUE,1ターン目に空中へ飛び上がり待機する。このターン、ほとんどの攻撃は回避することができる。2ターン目に攻撃する。
315,ソーラービーム,14,2,120,100,10,FALSE,1ターン目で力を溜め、2ターン目で攻撃する。『あめ』『あられ』『すなあらし』の時は威力が50%に減少し、天候が『ひざしがつよい』の時は1ターンで攻撃できる。
316,ソーラーブレード,14,1,125,100,10,TRUE,1ターン目で力を溜め、2ターン目で攻撃する。『あめ』『あられ』『すなあらし』の時は威力が50%に減少し、天候が『ひざしがつよい』の時は1ターンで攻撃できる。
317,たいあたり,18,1,40,100,35,TRUE,通常攻撃
318,たがやす,13,3,0,,10,FALSE,『くさ』タイプのポケモンの『攻撃』『特攻』が1ランクずつ上がる。
319,たきのぼり,15,1,80,100,15,TRUE,2割の確率で相手をひるませることができる。
320,たくわえる,18,3,0,,20,FALSE,自分の『防御』『特防』ランクを1段階ずつ上昇させる。3回までたくわえることができる。たくわえればたくわえるほど、『のみこむ』・『はきだす』の効果が上昇する。
321,たたきつける,18,1,80,75,20,TRUE,通常攻撃
322,たたみがえし,3,3,0,,10,FALSE,使用ターンにおいて、自分と味方への攻撃技を無効化する。変化技は防ぐことが出来ない。ただし、バトルに出た初回ターンしか成功しない。
323,たたりめ,7,2,65,100,10,FALSE,相手が状態異常の時、威力が2倍になる。
324,たつまき,4,2,40,100,20,FALSE,2割の確率で相手をひるませることができる。相手が以下の技を使っている時でも命中し、その際ダメージは2倍に上昇する。『そらをとぶ』『とびはねる』『フリーフォール』
325,タネばくだん,14,1,80,100,15,FALSE,通常攻撃
326,タネマシンガン,14,1,25,100,30,FALSE,1回の攻撃で2～5回の連続攻撃を行う。
327,タマゴうみ,18,3,0,,10,FALSE,HPを最大HPの50%回復する。
328,タマゴばくだん,18,1,100,75,10,FALSE,通常攻撃
329,たまなげ,18,1,15,85,20,FALSE,1回の攻撃で2～5回の連続攻撃を行う。
330,だいちのちから,13,2,90,100,10,FALSE,1割の確率で相手の『特防』を1段階下げる。
331,ダイナミックフルフレイム,10,1,0,999,1,TRUE,『ほのお』のZ技。わざの威力や分類は元の『わざ』によって変化するが、元の威力が高いほど威力が高くなる。命中率は100%で、必ず相手に命中する。
332,だいばくはつ,18,1,250,100,5,FALSE,相手に大ダメージを与える代わりに自分は『ひんし』状態になる。
333,ダイビング,15,1,80,100,10,TRUE,1ターン目に水中へ潜り待機する。このターン、ほとんどの攻撃は回避することができる。2ターン目に攻撃する。
334,だいもんじ,10,2,110,85,5,FALSE,1割の確率で相手に『やけど』の状態異常を与える。
335,ダイヤストーム,17,1,100,95,5,TRUE,全体攻撃。5割の確率で自分の『防御』が2ランク上昇。
336,だくりゅう,15,2,90,85,10,FALSE,3割の確率で相手の命中率を1段階下げる。
337,ダストシュート,9,1,120,80,5,TRUE,3割の確率で相手に『どく』の状態異常を与える。
338,ダブルアタック,18,1,35,90,10,TRUE,1ターンの間に2回連続攻撃を与える。
339,ダブルチョップ,4,1,40,90,15,TRUE,1ターンの間に2回連続攻撃を与える。
340,ダブルニードル,11,1,25,100,20,FALSE,1ターンの間に2回連続攻撃を繰り出す。2割の確率で相手に『どく』の状態異常を与える。
341,だましうち,1,1,60,999,20,TRUE,命中率は100%で、必ず相手に命中する。
342,ダメおし,1,1,60,100,10,TRUE,相手が既にダメージを受けている場合、威力が2倍になる。
343,だんがいのつるぎ,13,1,120,85,10,TRUE,通常攻撃
344,ダークホール,1,3,0,50,10,FALSE,相手に『ねむり』の状態異常を与える。
345,ちいさくなる,18,3,0,,10,FALSE,自分の『回避率』を2段階上昇させる。ただし、以下の技は100%の確率で命中し、威力が2倍に上昇する。『のしかかり』『ふみつけ』『ドラゴンダイブ』『ハードローラー』『フライングプレス』『ゴーストダイブ』
346,ちからをすいとる,14,3,0,100,10,FALSE,相手の『攻撃』の能力変化の分だけ、HPを回復する。また、相手の『攻撃』ランクを下げる。
347,ちきゅうなげ,3,1,0,100,20,TRUE,自分のレベルと同じ値の固定ダメージを相手に与える。自分のレベルが高ければ高いほどダメージは大きくなる。
348,チャージビーム,5,2,50,90,10,FALSE,7割の確率で自分の『特攻』が1ランク上がる。
349,チャームボイス,16,2,40,,15,FALSE,全体攻撃。100%の確率で命中する。
350,ちょうおんぱ,18,3,0,55,20,FALSE,相手に『こんらん』の状態異常を与える。
351,ちょうぜつらせんれんげき,2,1,0,999,1,TRUE,『はがね』のZ技。わざの威力や分類は元の『わざ』によって変化するが、元の威力が高いほど威力が高くなる。命中率は100%で、必ず相手に命中する。
352,ちょうのまい,11,3,0,,20,FALSE,自分の『特攻』『特防』『素早さ』が1ランクずつ上昇する。
353,ちょうはつ,1,3,0,100,20,FALSE,3ターンの間に限り、攻撃技以外は出せなくなる。
354,ついばむ,12,1,60,100,20,TRUE,相手が『きのみ』を持っている場合、奪って自分に使う。
355,つきのひかり,16,3,0,,5,FALSE,"HPを回復する。回復量は天候によって変動する。回復量は以下の通り。
『通常』→最大HPの1/2回復。
『ひざしがつよい』→最大HPの2/3回復。
『あめ』『あられ』『すなあらし』→最大HPの1/4回復。"
356,つけあがる,1,1,20,100,10,TRUE,自分の『のうりょく』が1段階上昇する毎に、威力が20ずつ上がる。
357,つじぎり,1,1,70,100,15,TRUE,1/6の確率で急所に当たる。
358,つっぱり,3,1,15,100,20,TRUE,1回の攻撃で2～5回の連続攻撃を行う。
359,つつく,12,1,35,100,35,TRUE,通常攻撃
360,つのでつく,18,1,65,100,25,TRUE,通常攻撃
361,つのドリル,18,1,0,30,5,TRUE,相手に『一撃必殺』の攻撃を繰り出す。相手のレベルが自分より高かった場合、命中率が下がり失敗しやすくなる。
362,つばさでうつ,12,1,60,100,35,TRUE,通常攻撃
363,つばめがえし,12,1,60,999,20,TRUE,命中率は100%で、必ず相手に命中する。
364,つぶらなひとみ,16,3,0,100,30,FALSE,優先度＋1で行動できる。(先制攻撃) 相手の『攻撃』を1段階下げる。
365,つぼをつく,18,3,0,,30,FALSE,全ステータスのランクを、ランダムで1つだけ2段階上げる。
366,つめとぎ,1,3,0,,15,FALSE,『攻撃』『命中率』が1ランクずつ上がる。
367,つららおとし,6,1,85,90,10,FALSE,3割の確率で相手をひるませることができる。
368,つららばり,6,1,25,100,30,TRUE,1回の攻撃で2～5回の連続攻撃を行う。
369,つるぎのまい,18,3,0,,20,FALSE,『攻撃』ランクを2段階上昇する。
370,つるのムチ,14,1,45,100,25,TRUE,通常攻撃
371,てかげん,18,1,40,100,40,TRUE,相手のHPが0になるダメージを与える時、相手のHPを1で止める。
372,テクスチャー,18,3,0,,30,FALSE,自分のタイプを、自分の覚えている技の内一番上のわざと同じにする。
373,テクスチャー2,18,3,0,,30,FALSE,自分のタイプを、相手が最後に使った技を半減か無効にするタイプにランダムで変える。
374,テクノバスター,18,2,120,100,5,FALSE,『カセット』を持たせていると、持たせた『カセット』にあわせて『タイプ』が変わる。
375,てだすけ,18,3,0,,20,FALSE,優先度＋5で行動するため後攻になるが、使用したターンの間は味方の技の威力を1.5倍に上昇させる。
376,てっぺき,2,3,0,,15,FALSE,『防御』を2段階上げる。
377,テレキネシス,8,3,0,,15,FALSE,3ターンの間、相手を『テレキネシス』状態にする。『テレキネシス』状態では、『じめん』タイプの技が当たらなくなるが、『じめん』タイプ以外の技は100%命中する。
378,テレポート,8,3,0,,20,FALSE,野生のポケモンとの戦闘を強制終了することができる。
379,てんしのキッス,16,3,0,75,10,FALSE,相手に『こんらん』の状態異常を与える。
380,であいがしら,11,1,90,100,10,TRUE,優先度＋2で行動できる。ただし、場に出た最初のターンしか成功しない。
381,デスウイング,12,2,80,100,10,FALSE,相手にダメージを与え、3/4の数値分、自分のHPを回復する。
382,でんきショック,5,2,40,100,30,FALSE,1割程度の確率で相手に『まひ』の状態異常を与える。
383,でんげきは,5,2,60,999,20,FALSE,命中率は100%で、必ず相手に命中する。
384,でんこうせっか,18,1,40,100,30,TRUE,優先度＋1で行動できるため、先制攻撃しやすい。
385,でんじは,5,3,0,90,20,FALSE,相手に『まひ』の状態異常を与える。
386,でんじふゆう,5,3,0,,10,FALSE,5ターンの間、『じめん』タイプの技と『まきびし』『どくびし』などの効果も受けなくなる。
387,でんじほう,5,2,120,50,5,FALSE,命中した相手に『まひ』の状態異常を与える。
388,とおせんぼう,18,3,0,,5,FALSE,相手は逃げる・交代ができなくなる。
389,とおぼえ,18,3,0,,40,FALSE,自分の『攻撃』ランクを1段階上昇させる。
390,ときのほうこう,4,2,150,90,5,FALSE,使用した次のターンは反動によって行動ができない。
391,とぎすます,18,3,0,,30,FALSE,次のターン、自分の技が100%の確率で命中する。
392,とぐろをまく,9,3,0,,20,FALSE,『攻撃』『防御』『命中率』が1ランクずつ上がる。
393,とける,9,3,0,,20,FALSE,『防御』を2段階上げる。
394,とげキャノン,18,1,20,100,15,FALSE,1回の攻撃で2～5回の連続攻撃を行う。
395,とっしん,18,1,90,85,20,TRUE,攻撃後、相手に与えたダメージの1/4を反動として自分もダメージを受ける。
396,とっておき,18,1,140,100,5,TRUE,すべての他の技を1回以上使っていると使えるようになる。
397,とどめばり,11,1,50,100,25,TRUE,この技で相手を倒すと、自分の『攻撃』が2ランク上がる。
398,とびかかる,11,1,80,100,15,TRUE,相手の『攻撃』を1段階下げる。
399,とびげり,3,1,100,95,10,TRUE,攻撃が外れた場合、自分の最大HPの半分の反動ダメージを受けてしまう。
400,とびはねる,12,1,85,85,5,TRUE,1ターン目に空中へ飛び跳ね、2ターン目に攻撃する。3割の確率で相手を『まひ』状態にする。
401,とびひざげり,3,1,130,90,10,TRUE,攻撃が外れた場合、自分の最大HPの半分の反動ダメージを受けてしまう。
402,ともえなげ,3,1,60,90,10,TRUE,優先度-6で行動する。攻撃後、トレーナ戦では相手のポケモンを強制交代させる。
403,トライアタック,18,2,80,100,10,FALSE,2割の確率で、相手にランダムで『まひ』『やけど』『こおり』のうち1つの状態異常を与える。
404,トラップシェル,10,2,150,100,5,FALSE,全体攻撃。優先度-3で攻撃するので、後攻になりやすい。使用したターンに先に相手の物理技を受けた時に発動し、ダメージを与える。
405,トリック,8,3,0,100,10,FALSE,相手と自分が持っている『どうぐ』を交換する。
406,トリックガード,16,3,0,,10,FALSE,優先度＋3で行動できる。発動ターンに受ける変化技を無効化する。
407,トリックルーム,8,3,0,,5,FALSE,5ターンの間、行動順が通常の逆になる。つまり、『すばやさ』が低い順に行動できるようになる。ただし、必ず先制技には無効である。
408,トリプルキック,3,1,10,90,10,TRUE,1ターンの間に3回連続攻撃を繰り出す。攻撃が当たる度に威力が10ずつ増加する。
409,トロピカルキック,14,1,70,100,15,TRUE,攻撃を与えた相手の『攻撃』を1段階下げる。
410,とんぼがえり,11,1,70,100,20,TRUE,攻撃した後、手持ちのポケモンと入れ替わる。
411,トーチカ,9,3,0,,10,FALSE,優先度＋4で行動できる。相手の直接攻撃を防ぎ、攻撃してきた相手を『どく』状態にする。
412,どくガス,9,3,0,90,40,FALSE,相手に『どく』の状態異常を与える。
413,どくづき,9,1,80,100,20,TRUE,3割の確率で相手に『どく』の状態異常を与える。
414,どくどく,9,3,0,90,10,FALSE,相手に『もうどく』の状態異常を与える。『もうどく』『どく』タイプのポケモンが使うと100%の確率で命中する。
415,どくどくのキバ,9,1,50,100,15,TRUE,5割の確率で相手に『もうどく』の状態異常を与える。
416,どくのいと,9,3,0,100,20,FALSE,相手を『どく』状態にし、『素早さ』を1段階下げる。
417,どくのこな,9,3,0,75,35,FALSE,命中した相手に『どく』の状態異常を与える。
418,どくばり,9,1,15,100,35,TRUE,3割の確率で相手に『どく』の状態異常を与える。
419,どくびし,9,3,0,,20,FALSE,相手のポケモンが場に出る度に、出したポケモンが『どく』状態になる。『ひこう』タイプ、特性『ふゆう』のポケモンは効果を受けない。『どく』タイプのポケモンが出ると効果がなくなる。また、2度『どくびし』を使うと『どく』状態から『もうどく』状態になる。
420,ドラゴンクロー,4,1,80,100,15,TRUE,通常攻撃
421,ドラゴンダイブ,4,1,100,75,10,TRUE,2割の確率で相手をひるませることができる。
422,ドラゴンテール,4,1,60,90,10,TRUE,優先度-6で行動する。攻撃後、トレーナ戦では相手のポケモンを強制交代させる。
423,ドラゴンハンマー,4,1,90,100,15,TRUE,通常攻撃
424,ドリルくちばし,12,1,80,100,20,TRUE,通常攻撃
425,ドリルライナー,13,1,80,95,10,TRUE,1/6の確率で急所に当たる。
426,ドレインキッス,16,2,50,100,10,TRUE,相手にダメージを与え、3/4の数値分、自分のHPを回復する。
427,ドレインパンチ,3,1,75,100,10,TRUE,相手にダメージを与え、半分の数値分、自分のHPを回復する。
428,どろあそび,13,3,0,,15,FALSE,5ターンの間に限り、『でんき』タイプの技の威力が33%減少する。
429,どろかけ,13,2,20,100,10,FALSE,相手の『命中率』ランクを1段階低下させる。
430,どろばくだん,13,2,65,85,10,FALSE,3割の確率で相手の命中率を1段階下げる。
431,どろぼう,1,1,60,100,25,TRUE,相手のもちものを奪うことができる。自分が既に道具を持っている場合は失敗する。
432,ドわすれ,8,3,0,,20,FALSE,『特防』ランクを2段階上昇させる。
433,ないしょばなし,18,3,0,,20,FALSE,100%の確率で命中した相手の『特攻』を1段階下げる。
434,ナイトバースト,1,2,85,95,10,FALSE,4割の確率で、相手の命中率のランクを1段階下げる。
435,ナイトヘッド,7,2,0,100,15,FALSE,自分のレベルと同じ値の固定ダメージを相手に与える。自分のレベルが高ければ高いほどダメージは大きくなる。
436,ナインエボルブースト,18,3,0,,1,FALSE,『イーブイ』の専用Z技。自分の『攻撃』『防御』『特攻』『特防』『素早さ』が2段階ずつ上昇する。
437,なかまづくり,18,3,0,100,15,FALSE,相手の特性を自分と同じ特性に変化させる。
438,なかよくする,18,3,0,999,20,FALSE,『攻撃』を1段階下げる。必ず命中する。
439,なきごえ,18,3,0,100,40,FALSE,『攻撃』ランクを1段階低下させる。
440,なげつける,1,1,0,100,10,FALSE,自分の持っている『どうぐ』を投げつけて攻撃する。『どうぐ』によって効果が変化する。
441,なしくずし,18,1,70,100,20,TRUE,相手の『のうりょく』ランクの変化の効果を受けないでダメージを与える。
442,なまける,18,3,0,,10,FALSE,HPを最大HPの50%回復する。
443,なみだめ,18,3,0,999,20,FALSE,相手の『攻撃』『特攻』を1段階ずつ下げる。命中率は100%で、必ず相手に命中する。
444,なみのり,15,2,90,100,15,FALSE,相手が『ダイビング』を使っている時でも命中する。その際、ダメージは2倍に上昇する。
445,なやみのタネ,14,3,0,100,10,FALSE,相手の特性を『ふみん』にする。
446,なりきり,8,3,0,,10,FALSE,自分の特性を相手の特性と同じ特性にコピーする。
447,にぎりつぶす,18,1,0,100,5,TRUE,相手の残りHPが多いほど威力が高くなる。最高威力は120だが、最低威力は1である。
448,ニトロチャージ,10,1,50,100,20,TRUE,自分の『素早さ』が1ランク上がる。
449,にどげり,3,1,30,100,30,TRUE,1ターンの間に2回連続攻撃を与える。
450,にほんばれ,10,3,0,,5,FALSE,天候を5ターンの間に限り、『ひざしがつよい』状態にする。
451,にらみつける,18,3,0,100,30,FALSE,相手の『防御』ランクを1段階減少させる。
452,ニードルアーム,14,1,60,100,15,TRUE,3割の確率で相手をひるませることができる。
453,ニードルガード,14,3,0,,10,FALSE,優先度＋4で行動できる。使用したターンの間、相手の攻撃を防ぐ。その際、直接攻撃をした相手には、相手の最大HPの1/8をダメージとして与える。
454,ねがいごと,18,3,0,,10,FALSE,使用した次のターンが終了するタイミングで、HPが最大HPの50%回復する。
455,ねこだまし,18,1,40,100,10,TRUE,優先度＋3で行動できるため先制攻撃が可能。さらに、命中した相手を100%の確率でひるませることができる。ただし、場に出た最初のターンしか成功しない。
456,ネコにこばん,18,1,40,100,20,FALSE,戦闘終了後にもらえるお金が増加する。
457,ねこのて,18,3,0,,20,FALSE,『てもち』にいるポケモンの技の中からランダムで繰り出す。
458,ねごと,18,3,0,,10,FALSE,自分の覚えている技のうちランダムで技を繰り出す。自分が『ねむり』状態の時のみ使用可能。
459,ねっとう,15,2,80,100,15,FALSE,自分を除いた全体を攻撃する。3割の確率で相手を『やけど』状態にする。
460,ねっぷう,10,2,95,90,10,FALSE,1割の確率で相手に『やけど』の状態異常を与える。
461,ねばねばネット,11,3,0,,20,FALSE,フィールド設置技。場に出てきたポケモンの『素早さ』が1ランク下がる。『ひこう』タイプや『ふゆう』特性を所持しているポケモンには効果がない。
462,ねむりごな,14,3,0,75,15,FALSE,相手に『ねむり』の状態異常を与える。
463,ねむる,8,3,0,,10,FALSE,HPと状態異常をすべて回復する。その後、2ターンの間『ねむり』状態になり行動できなくなる。
464,ねをはる,14,3,0,,20,FALSE,毎ターン、HPが最大HPの1/16ずつ回復するが、逃げる・交代のアクションができなくなる。
465,ねんりき,8,2,50,100,25,FALSE,1割の確率で相手に『こんらん』の状態異常を与える。
466,のしかかり,18,1,85,100,15,TRUE,3割の確率で相手に『まひ』の状態異常を与える。
467,のみこむ,18,3,0,,10,FALSE,『たくわえる』を使った回数だけHPが多く回復する。回復量は以下の通り。1回使用→最大HPの1/4回復。2回使用→最大HPの1/2回復。3回使用→全回復。一度使うと『たくわえる』で上昇した『防御』『特防』ランクは元に戻る。たくわえた回数のカウントも0になる。
468,のろい,7,3,0,,10,FALSE,タイプによって効果が変動する。自分のタイプが『ゴースト』タイプの時は自分のHPを最大HPの50%削って、相手に『のろい』の状態異常を与える。それ以外のポケモンの場合は『素早さ』ランクが1ランク低下し、『攻撃』『防御』ランクが1ランクずつ上昇する。
469,ハイドロカノン,15,2,150,90,5,FALSE,使用した次のターンは反動によって行動ができない。
470,ハイドロポンプ,15,2,110,80,5,FALSE,通常攻撃
471,ハイパーダーククラッシャー,1,1,180,999,1,TRUE,『ガオガエン』の専用Z技。命中率は100%で、必ず相手に命中する。
472,ハイパーボイス,18,2,90,100,10,FALSE,通常攻撃
473,はかいこうせん,18,2,150,90,5,FALSE,使用した次のターンは反動によって行動ができない。
474,はがねのつばさ,2,1,70,90,25,TRUE,1割の確率で自分の『防御』ランクが1ランク上昇する。
475,はきだす,18,2,0,100,10,FALSE,『たくわえる』を使った回数だけ威力が上昇する。威力は以下の通り。1回使用→威力100。2回使用→威力200。3回使用→威力300。一度使うと『たくわえる』で上昇した『防御』『特防』ランクは元に戻り、たくわえた回数のカウントも0になる。
476,ハサミギロチン,18,1,0,30,5,TRUE,相手に『一撃必殺』の攻撃を繰り出す。相手のレベルが自分より高かった場合、命中率が下がり失敗しやすくなる。
477,はさむ,18,1,55,100,30,TRUE,通常攻撃
478,はじけるほのお,10,2,70,100,15,FALSE,（ダブルバトル・トリプルバトルの場合）相手の周りにいるポケモンにも、命中した相手の最大HPの1/16のダメージを与える。
479,はたきおとす,1,1,65,100,20,TRUE,相手が道具を持っていた場合、はたき落として道具を使えなくし、ダメージは1.5倍に上昇する。
480,はたく,18,1,40,100,35,TRUE,通常攻撃
481,はっけい,3,1,60,100,10,TRUE,3割の確率で相手に『まひ』の状態異常を与える。
482,はっぱカッター,14,1,55,95,25,FALSE,1/6の確率で急所に当たる。
483,ハッピータイム,18,3,0,0,30,FALSE,バトル後に得られるお金が2倍になる。
484,はどうだん,3,2,80,999,20,FALSE,命中率は100%で、必ず相手に命中する。
485,はなびらのまい,14,2,120,100,10,TRUE,2～3ターン連続で攻撃を与えた後、自分は『こんらん』状態になる。
486,はなふぶき,14,1,90,100,15,TRUE,通常攻撃
487,はねやすめ,12,3,0,,10,FALSE,最大HPの半分を回復する。使用したターンは『ひこう』タイプではなくなる。
488,はねる,18,3,0,,40,FALSE,何も起こらない。
489,はめつのねがい,2,2,140,100,5,FALSE,わざを使った2ターン後に攻撃する。タイプ相性の影響を受ける。
490,はめつのひかり,16,2,140,90,5,FALSE,攻撃後、相手に与えたダメージの1/3を反動として自分もダメージを受ける。
491,はらだいこ,18,3,0,,10,FALSE,自分のHPを最大HPの50%削る代わりに、自分の『攻撃』ランクを最大まで上昇させる。
492,ハロウィン,7,3,0,100,20,FALSE,相手に『ゴースト』タイプを追加する。
493,ハートスタンプ,8,1,60,100,25,TRUE,3割の確率で相手をひるませることができる。
494,ハートスワップ,8,3,0,,10,FALSE,自分と相手の『のうりょく』変化を入れ替える。
495,ハードプラント,14,2,150,90,5,FALSE,使用した次のターンは反動によって行動ができない。
496,ハードローラー,11,1,65,100,20,TRUE,3割の確率で相手をひるませることができる。
497,ばかぢから,3,1,120,100,5,TRUE,攻撃した後、自分の『攻撃』『防御』ランクが1ランクずつ低下する。
498,ばくおんぱ,18,2,140,100,10,FALSE,通常攻撃
499,ばくれつパンチ,3,1,100,50,5,TRUE,命中した相手に『こんらん』の状態異常を与える。
500,バトンタッチ,18,3,0,,40,FALSE,かかっていたランク補正等を引き継ぎ、他の味方のポケモンと交代する。
501,バブルこうせん,15,2,65,100,20,FALSE,1割の確率で相手の『素早さ』ランクを1段階低下させる。
502,バリアー,8,3,0,,20,FALSE,『防御』を2段階上げる。
503,バレットパンチ,2,1,40,100,30,TRUE,優先度＋1で行動できるため、先制攻撃しやすい。
504,バークアウト,1,2,55,95,15,FALSE,命中した相手の『特攻』を1段階下げる。
505,パラボラチャージ,5,2,65,100,20,FALSE,与えたダメージの半分の数値分、自分のHPが回復する。
506,パワーウィップ,14,1,120,85,10,TRUE,通常攻撃
507,パワーシェア,8,3,0,,10,FALSE,自分と相手の『攻撃』と『特攻』をお互いの平均値とする。
508,パワージェム,17,2,80,100,20,FALSE,通常攻撃
509,パワースワップ,8,3,0,,10,FALSE,自分と相手の『攻撃』『特攻』を入れ替える。
510,パワートリック,8,3,0,,10,FALSE,自分の『攻撃』と『防御』を入れ替える。
511,ひかりのかべ,8,3,0,,30,FALSE,5ターンの間に限り、特殊攻撃のダメージを50%減少させる。ただし、急所に当たった場合は軽減されない。
512,ひっかく,18,1,40,100,35,TRUE,通常攻撃
513,ひっくりかえす,1,3,0,,20,FALSE,相手のすべての『のうりょく』を逆にする。
514,ひっさつのピカチュート,5,1,210,999,1,TRUE,『ピカチュウ』の専用Z技。命中率は100%で、必ず相手に命中する。
515,ひっさつまえば,18,1,80,90,15,TRUE,1割の確率で相手をひるませることができる。
516,ひのこ,10,2,40,100,25,FALSE,1割の確率で相手に『やけど』の状態異常を与える。
517,ひみつのちから,18,1,70,100,20,FALSE,3割の確率で相手に追加効果を与えるが、地形によって効果が変動する。地形と効果は以下の通り。草むら・水たまり→『ねむり』の状態異常を与える。沼→『素早さ』を1段階低下させる。水上→『攻撃』を1段階低下させる。砂地→命中率を1段階低下させる。岩場・洞窟→ひるみ効果。雪原・氷上→『こおり』の状態異常を与える。その他は『まひ』の状態異常を与える。
518,ヒートスタンプ,10,1,0,100,10,TRUE,自分の『重さ』と相手の『重さ』の差によって威力が変化する。最大威力は120で、最小威力は40。
519,びりびりちくちく,5,1,80,100,10,TRUE,3割の確率で相手をひるませることができる。
520,ビルドアップ,3,3,0,,20,FALSE,『攻撃』『防御』を1段階ずつ上げる。
521,ピヨピヨパンチ,18,1,70,100,10,TRUE,2割の確率で相手に『こんらん』の状態異常を与える。
522,ファイナルダイブクラッシュ,12,1,0,999,1,TRUE,『ひこう』のZ技。わざの威力や分類は元の『わざ』によって変化するが、元の威力が高いほど威力が高くなる。命中率は100%で、必ず相手に命中する。
523,ファストガード,3,3,0,,15,FALSE,優先度＋3で行動できる。使用したターンの間に受ける先制技を無効にする。
524,ふいうち,1,1,70,100,5,TRUE,優先度＋1で行動できる。相手が攻撃技を選択していた場合のみ成功する。
525,ふういん,8,3,0,,10,FALSE,自分が覚えている技と同じ技を相手も覚えていた場合、相手はその技を使えなくなる。
526,フェアリーロック,16,3,0,,10,FALSE,使用した次のターンで、すべてのポケモンが逃げられなくなる。
527,フェイント,18,1,30,100,10,FALSE,優先度＋2で行動できる。相手が以下の技を使用した場合はその効果を受けずに攻撃できる。ただし、相手が以下の技を使用していない場合は失敗する。『まもる』『みきり』『たたみがえし』『キングシールド』『ニードルガード』『ファストガード』『ワイドガード』
528,フェザーダンス,12,3,0,100,15,FALSE,相手の『攻撃』ランクを2段階低下させる。
529,ふきとばし,18,3,0,,20,FALSE,優先度-6で行動するため100%の確率で後攻になるが、相手のポケモンを強制的に交代させることができる。野生のポケモンとの戦闘中に使用すると戦闘を強制的に終了する。
530,ふくろだたき,1,1,0,100,10,FALSE,自分を含む『てもち』のポケモンの数だけ攻撃する。その際、『ひんし』や状態異常のポケモンは含まれない。
531,ふぶき,6,2,110,70,5,FALSE,1割の確率で相手に『こおり』の状態異常を与える。天候が『あられ』の時は100%の確率で命中する。
532,ふみつけ,18,1,65,100,20,TRUE,3割の確率で相手をひるませることができる。
533,フライングプレス,3,1,100,95,10,TRUE,『かくとう』タイプと『ひこう』タイプの2つのタイプを持つ。タイプ相性にも影響する。
534,フラッシュ,18,3,0,100,20,FALSE,相手の『命中率』ランクを1段階低下させる。
535,フラフラダンス,18,3,0,100,20,FALSE,相手に『こんらん』の状態異常を与える。
536,フラワーガード,16,3,0,,10,FALSE,『くさ』タイプのポケモンの『防御』が1ランク上がる。
537,フラワーヒール,16,3,0,,10,FALSE,相手はHPを最大HPの50％回復する。地形が『グラスフィールド』のとき、効果がアップする。
538,フリーズドライ,6,2,70,100,20,FALSE,1割の確率で相手を『こおり』状態にする。また、『こおり』タイプの技であるが『みず』タイプに『こうかはばつぐん』になる。
539,フリーズボルト,6,1,140,90,5,TRUE,1ターン目は溜めて、2ターン目で攻撃する。3割の確率で『まひ』状態にする。
540,フリーフォール,12,1,60,100,10,TRUE,1ターン目で、相手を空中に連れ去り、2ターン目に攻撃を与える。空中にいる間、相手は行動できない。『ひこう』タイプのポケモンはダメージを受けず、一部のポケモン（『重さ』が200kg以上）の場合は失敗する。
541,ふるいたてる,18,3,0,,30,FALSE,『攻撃』『特攻』が1ランクずつ上がる。
542,フルールカノン,16,2,130,90,5,FALSE,攻撃した後、自分の『特攻』が2ランク下がる。
543,フレアドライブ,10,1,120,100,15,TRUE,相手1体にダメージを与え、与えたダメージの1/3を反動ダメージとして自分も受ける。また、1割の確率で相手を『やけど』状態にし、『こおり』状態で使うと『こおり』が溶ける。
544,ふんえん,10,2,80,100,15,FALSE,自分を除いた全体を攻撃する。3割の確率で相手を『やけど』状態にする。
545,ふんか,10,2,150,100,5,FALSE,自分の残りHPによって威力が変化する。最大威力は150。計算式は「威力=150×残りHP÷最大HP」。
546,ふんじん,11,3,0,100,20,FALSE,優先度＋1で行動できる。使用したターンに相手が『ほのお』タイプの技を使うと技を失敗させることができ、最大HPの25%のダメージを与える。
547,ブラストバーン,10,2,150,90,5,FALSE,使用した次のターンは反動によって行動ができない。
548,ブラックホールイクリプス,1,1,0,999,1,TRUE,『あく』のZ技。わざの威力や分類は元の『わざ』によって変化するが、元の威力が高いほど威力が高くなる。命中率は100%で、必ず相手に命中する。
549,ブルームシャインエクストラ,14,1,0,999,1,TRUE,『くさ』のZ技。わざの威力や分類は元の『わざ』によって変化するが、元の威力が高いほど威力が高くなる。命中率は100%で、必ず相手に命中する。
550,ブレイククロー,18,1,75,95,10,TRUE,5割の確率で相手の『防御』ランクを1段階低下させる。
551,ブレイズキック,10,1,85,90,10,TRUE,1割の確率で相手に『やけど』の状態異常を与える。1/6の確率で急所に当たる。
552,ブレイブバード,12,1,120,100,15,TRUE,攻撃後、相手に与えたダメージの1/3を反動として自分もダメージを受ける。
553,ぶんまわす,1,1,60,100,20,TRUE,全体攻撃。
554,プラズマシャワー,5,3,0,,25,FALSE,優先度+1で行動できる。使用したターンの間、すべての『ノーマル』タイプの技を『でんき』タイプに変化させる。
555,プリズムレーザー,8,2,160,100,10,FALSE,使用した次のターンは反動によって行動ができない。
556,プレゼント,18,1,0,90,15,FALSE,確率によって技の威力や効果が変動する。効果は以下の通り。威力40→確率4割。威力80→確率3割。威力120→確率1割。相手のHPを最大HPの1/4回復する→確率2割。
557,ヘドロウェーブ,9,2,95,100,10,FALSE,1割の確率で相手を『どく』状態にする。
558,ヘドロこうげき,9,2,65,100,20,FALSE,3割の確率で相手に『どく』の状態異常を与える。
559,ヘドロばくだん,9,2,90,100,10,FALSE,3割の確率で相手に『どく』の状態異常を与える。
560,へびにらみ,18,3,0,100,30,FALSE,相手に『まひ』の状態異常を与える。
561,ヘビーボンバー,2,1,0,100,10,TRUE,自分の『重さ』と相手の『重さ』の差によって威力が変化する。最大威力は120で、最小威力は40。
562,へんしん,18,3,0,,10,FALSE,相手と全く同じ『姿』『能力』になる。ただし技のPPはすべて5になる。交代すると元に戻る。
563,ベノムショック,9,2,65,100,10,FALSE,相手が『どく』もしくは『もうどく』状態の時に限り、威力が2倍になる。
564,ベノムトラップ,9,3,0,100,20,FALSE,全体攻撃。『どく』『もうどく』状態の相手の『攻撃』『特攻』『素早さ』を1ランクずつ下げる。
565,ほうでん,5,2,80,100,15,FALSE,3割の確率で相手に『まひ』の状態異常を与える。
566,ほえる,18,3,0,,20,FALSE,優先度-6で行動するため100%の確率で後攻になるが、相手のポケモンを強制的に交代させることができる。野生のポケモンとの戦闘中に使用すると戦闘を強制的に終了する。
567,ほごしょく,18,3,0,,20,FALSE,自分の『タイプ』を地形によって変化させる。地形と変化先のタイプは以下の通り。草むら・水たまり→『くさ』タイプ。砂地・沼→『じめん』タイプ。水上→『みず』タイプ。岩場・洞窟→『いわ』タイプ。雪原・氷上→『こおり』タイプ。その他は『ノーマル』タイプに変える。
568,ほしがる,18,1,60,100,25,TRUE,相手が持っている『どうぐ』を奪う。自分がすでに『どうぐ』を所持している場合は失敗する。
569,ほたるび,11,3,0,,20,FALSE,『特攻』ランクが3段階上昇する。
570,ほっぺすりすり,5,1,20,100,20,TRUE,命中した相手に『まひ』の状態異常を与える。
571,ホネこんぼう,13,1,65,85,20,FALSE,1割の確率で相手をひるませることができる。
572,ホネブーメラン,13,1,50,90,10,FALSE,1ターンの間に2回連続攻撃を与える。
573,ほのおのうず,10,2,35,85,15,FALSE,4～5ターンの間、毎ターン終了時に最大HPの1/8のダメージを相手に与える。その間相手は逃げる・交代のアクションができない。
574,ほのおのキバ,10,1,65,95,15,TRUE,1割の確率で相手を『やけど』状態にする。もしくは、ひるませる。
575,ほのおのちかい,10,2,80,100,10,FALSE,『みずのちかい』と組み合わせて使用すると4ターンの間、技の追加効果が付与されやすくなる。『くさのちかい』と組み合わせて使用すると4ターンの間毎ターン『ほのお』タイプ以外の相手にダメージを与える。
576,ほのおのパンチ,10,1,75,100,15,TRUE,1割の確率で相手に『やけど』の状態異常を与える。
577,ほのおのまい,10,2,80,100,10,FALSE,5割の確率で自分の『特攻』が1ランク上がる。
578,ほのおのムチ,10,1,80,100,15,TRUE,必ず、相手の『防御』を1段階下げる。
579,ほろびのうた,18,3,0,,5,FALSE,使用した3ターン後に、使用時に出ていた自分を含むすべてのポケモンが『ひんし』状態になる。交代されると効果は無効になる。
580,ほんきをだす こうげき,18,1,210,999,1,TRUE,『カビゴン』の専用Z技。命中率は100%で、必ず相手に命中する。
581,ぼうぎょしれい,11,3,0,,10,FALSE,『防御』『特防』ランクが1ランクずつ上昇する。
582,ぼうふう,12,2,110,70,10,FALSE,3割の確率で、相手を『こんらん』状態にする。天候が『ひざしがつよい』の時は5割の命中率だが、『あめ』の時は100%命中する。
583,ボディパージ,2,3,0,,15,FALSE,『素早さ』が2ランク上がり、自分の『重さ』が100kg減少する。
584,ボルテッカー,5,1,120,100,15,TRUE,相手に与えたダメージの1/3を反動ダメージとして自分も受ける。また、1割の確率で相手を『まひ』状態にする。
585,ボルトチェンジ,5,2,70,100,20,FALSE,攻撃した後、手持ちのポケモンと入れ替わる。
586,ボーンラッシュ,13,1,25,90,10,FALSE,1回の攻撃で2～5回の連続攻撃を行う。
587,ポイズンテール,9,1,50,100,25,TRUE,急所に当たりやすい。1割の確率で相手を『どく』状態にする。
588,マキシマムサイブレイカー,8,1,0,999,1,TRUE,『エスパー』のZ技。わざの威力や分類は元の『わざ』によって変化するが、元の威力が高いほど威力が高くなる。命中率は100%で、必ず相手に命中する。
589,まきつく,18,1,15,90,20,TRUE,4～5ターンの間、毎ターン終了時に最大HPの1/8のダメージを相手に与える。その間相手は逃げる・交代のアクションができない。
590,まきびし,13,3,0,,20,FALSE,フィールド設置技。相手がポケモンを出す度にダメージを与える。この技を使う回数によってダメージが変動する。ダメージ量は以下の通り。1回→相手の最大HPの1/8ダメージ。2回→相手の最大HPの1/6ダメージ。3回→相手の最大HPの1/4ダメージ。『ひこう』タイプ、特性『ふゆう』のポケモンはダメージを受けない。
591,マグニチュード,13,1,0,100,30,FALSE,確率によって威力が変動する。最低威力は10。最大威力は150。『じしん』同様『あなをほる』を使っている時でも命中し、その際はダメージが2倍に上昇する。
592,マグネットボム,2,1,60,999,20,FALSE,命中率は100%で、必ず相手に命中する。
593,マグマストーム,10,2,100,75,5,FALSE,4～5ターンの間、毎ターン終了時に最大HPの1/8のダメージを相手に与える。その間相手は逃げる・交代のアクションができない。
594,マジカルシャイン,16,2,80,100,10,FALSE,通常攻撃
595,マジカルフレイム,10,2,75,100,10,FALSE,命中した相手の『特攻』を1段階下げる。
596,マジカルリーフ,14,2,60,999,20,FALSE,命中率は100%で、必ず相手に命中する。
597,マジックコート,8,3,0,,15,FALSE,優先度＋4で行動するため先制攻撃が可能。使用したターンの間、自分が受けるはずの変化技をすべて相手に跳ね返す。
598,マジックルーム,8,3,0,,10,FALSE,5ターンの間、『どうぐ』の効果がなくなる。
599,マッドショット,13,2,55,95,15,FALSE,命中した相手の『素早さ』を1段階下げる。
600,マッハパンチ,3,1,40,100,30,TRUE,優先度＋1で行動できるため、先制攻撃しやすい。
601,まとわりつく,11,2,20,100,20,FALSE,4～5ターンの間、毎ターン終了時に最大HPの1/8のダメージを相手に与える。その間相手は逃げる・交代のアクションができない。
602,まねっこ,18,3,0,,20,FALSE,相手が最後に使った技と同じ技を使用する。技を出していない場合は、失敗。
603,まもる,18,3,0,,10,FALSE,優先度＋4で行動するため先制攻撃を繰り出せる。使用したターンの間は相手の技を受けない。連続で使うと失敗することがある。
604,まるくなる,18,3,0,,40,FALSE,『防御』ランクを1段階上昇させる。
605,マルチアタック,18,1,90,100,10,TRUE,自分に持たせた専用道具の種類によって『タイプ』が変化する。
606,まわしげり,3,1,60,85,15,TRUE,3割の確率で相手をひるませることができる。
607,みかづきのまい,8,3,0,,10,FALSE,自分が『ひんし』になるが、次に出す自分のポケモンの全回復（HP・PP・状態異常を回復）する。
608,みがわり,18,3,0,,10,FALSE,自分のHPを最大HPの25%減らすことでみがわり用の分身を作る。分身のHPが0になるまでは、相手の攻撃を自分の代わりに受けてくれる。
609,みきり,3,3,0,,5,FALSE,優先度＋4で行動するため先制攻撃を繰り出せる。使用したターンの間は相手の技を受けない。連続で使うと失敗することがある。
610,ミサイルばり,11,1,25,95,20,FALSE,1回の攻撃で2～5回の連続攻撃を行う。
611,ミストフィールド,16,3,0,,10,FALSE,5ターンの間、場をミストフィールドに変える。このことで、地面にいるすべてのポケモンは状態異常にならない。また、『ドラゴン』タイプの技の受けるダメージを50%減少できる。
612,ミストボール,8,2,70,100,5,FALSE,5割の確率で相手の『特攻』ランクを1段階低下させる。
613,みずあそび,15,3,0,,15,FALSE,5ターンの間、すべてのポケモンの使う『ほのお』タイプの技の威力が1/3になる。
614,みずしゅりけん,15,2,15,100,20,FALSE,優先度＋1で行動できる。(先制攻撃) 1ターンで2～5回の連続攻撃。
615,みずでっぽう,15,2,40,100,25,FALSE,通常攻撃
616,みずのちかい,15,2,80,100,10,FALSE,『くさのちかい』と組み合わせて使用すると4ターンの間、相手の素早さが下がる。『ほのおのちかい』と組み合わせて使用すると4ターンの間、技の追加効果が付与されやすくなる。
617,みずのはどう,15,2,60,100,20,FALSE,2割の確率で相手に『こんらん』の状態異常を与える。
618,みずびたし,15,3,0,100,20,FALSE,相手のタイプを『みず』に変化させる。
619,みだれづき,18,1,15,85,20,TRUE,1回の攻撃で2～5回の連続攻撃を行う。
620,みだれひっかき,18,1,18,80,15,TRUE,1回の攻撃で2～5回の連続攻撃を行う。
621,みちづれ,7,3,0,,5,FALSE,使用した後、次の自分の行動までに相手の攻撃で『ひんし』状態になった場合、相手ポケモンも『ひんし』状態になる。連続で使うと失敗することがある。
622,みねうち,18,1,40,100,40,TRUE,この技のダメージで相手のHPが0になる時、相手はHP1で耐える。
623,みやぶる,18,3,0,,40,FALSE,使用した後、相手の回避率に関係なく100%の確率で攻撃が当たる。『ゴースト』タイプのポケモンに『ノーマル』『かくとう』タイプの技が当たるようになる。
624,みらいよち,8,2,120,100,10,FALSE,わざを使った2ターン後に攻撃する。タイプ相性の影響を受ける。
625,ミラクルアイ,8,3,0,,40,FALSE,使用した後、回避率を無視して攻撃が当たるようになる。『あく』タイプのポケモンには、『エスパー』タイプの攻撃が当たるようになる。
626,ミラーコート,8,2,0,100,20,FALSE,優先度は-5になるため後攻ではあるが、相手の特殊攻撃のダメージの2倍をその相手に返す。
627,ミラーショット,2,2,65,85,10,FALSE,3割の確率で相手の命中率を1段階下げる。
628,ミラータイプ,18,3,0,,15,FALSE,自分のタイプを相手と同じ『タイプ』にする。
629,ミルクのみ,18,3,0,,10,FALSE,HPを最大HPの50%回復する。
630,むげんあんやへのいざない,7,1,0,999,1,TRUE,『ゴースト』のZ技。わざの威力や分類は元の『わざ』によって変化するが、元の威力が高いほど威力が高くなる。命中率は100%で、必ず相手に命中する。
631,むしくい,11,1,60,100,20,TRUE,相手が『きのみ』を持っている場合、奪って自分に使う。
632,むしのさざめき,11,2,90,100,10,FALSE,1割の確率で相手の『特防』を1段階下げる。
633,むしのていこう,11,2,50,100,20,FALSE,命中した相手の『特攻』を1段階下げる。
634,ムーンフォース,16,2,95,100,15,FALSE,3割の確率で相手の『特攻』を1段階下げる。
635,めいそう,8,3,0,,20,FALSE,『特攻』『特防』が1ランクずつ上がる。
636,メガトンキック,18,1,120,75,5,TRUE,通常攻撃
637,メガトンパンチ,18,1,80,85,20,TRUE,通常攻撃
638,メガドレイン,14,2,40,100,15,FALSE,相手にダメージを与え、半分の数値分、自分のHPを回復する。
639,メガホーン,11,1,120,85,10,TRUE,通常攻撃
640,めざましビンタ,3,1,70,100,10,TRUE,相手が『ねむり』状態の時、ダメージが2倍になる。その際『ねむり』状態は治る。
641,めざめるダンス,18,2,90,100,15,FALSE,オドリドリが覚えるわざ。スタイルによって技のタイプが変化し、自分の『タイプ1』と同じタイプの技になる。
642,めざめるパワー,18,2,60,100,15,FALSE,個体値によって技の『タイプ』が変わる。
643,メタルクロー,2,1,50,95,35,TRUE,1割の確率で自分の『攻撃』ランクが1ランク上がる。
644,メタルバースト,2,1,0,100,10,FALSE,そのターンに最後に受けた技のダメージを1.5倍にしてダメージを与えた相手に与える。
645,メテオドライブ,2,1,100,100,5,TRUE,相手の特性の効果を無視して攻撃する。
646,メロメロ,18,3,0,100,15,FALSE,相手に『メロメロ』の状態異常を与える。異性のみに効果があり、自分と相手の性別が同じ時は失敗する。
647,もえつきる,10,2,130,100,5,FALSE,攻撃ダメージを与え、自分は『ほのお』タイプではなくなる。『ほのお』タイプのポケモンが使用すると、タイプがなくなる。また、『こおり』状態の時につかうと『こおり』が消失する。
648,ものまね,18,3,0,,10,FALSE,相手が最後に自分に使った技をコピーして自分の技にすることができる。交代すると元に戻る。
649,もりののろい,14,3,0,100,20,FALSE,相手に『くさ』タイプを追加する。
650,もろはのずつき,17,1,150,80,5,TRUE,相手にダメージを与え、与えたダメージの1/2を反動として自分も受ける。
651,やきつくす,10,2,60,100,15,FALSE,相手の持っている『きのみ』を使えなくする。
652,やつあたり,18,1,0,100,20,TRUE,ポケモンがなついていないほど威力が高くなる。最高威力102。
653,やどりぎのタネ,14,3,0,90,10,FALSE,毎ターン相手に最大HPの1/8ずつダメージを与え、与えたダメージ分を自分のHPとして回復させる。
654,やまあらし,3,1,60,100,10,TRUE,急所に当たる。
655,ゆうわく,18,3,0,100,20,FALSE,全体攻撃。相手の『特攻』を2段階下げる。自分と相手の性別が異なる時にのみ、成功する。
656,ゆきなだれ,6,1,60,100,10,TRUE,優先度-4で行動する。使用ターンに相手の技のダメージを受けると、威力が2倍になる。
657,ゆびをふる,18,3,0,,10,FALSE,全技の中からランダムで1つの技を繰り出す。
658,ゆめくい,8,2,100,100,15,FALSE,相手が『ねむり』状態の時だけ命中させることができる。相手にダメージを与え、その半分を自分のHPとして回復させる。
659,ようかいえき,9,2,40,100,30,FALSE,1割の確率で相手の『特防』を1段階下げる。
660,ようせいのかぜ,16,2,40,100,30,FALSE,通常攻撃
661,ヨガのポーズ,8,3,0,,40,FALSE,『攻撃』ランクを1段階上昇する。
662,よこどり,1,3,0,,10,FALSE,優先度＋4で行動するため先制攻撃が可能。相手が『のうりょく』を変化させる技や回復系の技を選択していた場合、その効果を横取りし自分に与える。
663,らいげき,5,1,130,85,5,TRUE,2割の確率で相手を『まひ』状態にする。
664,ライジングランドオーバー,13,1,0,999,1,TRUE,『じめん』のZ技。わざの威力や分類は元の『わざ』によって変化するが、元の威力が高いほど威力が高くなる。命中率は100%で、必ず相手に命中する。
665,ライトニングサーフライド,5,2,175,999,1,FALSE,『ライチュウ（アローラ）』の専用Z技。相手を『まひ』状態にする。命中率は100%で、必ず相手に命中する。
666,ラスターカノン,2,2,80,100,10,FALSE,1割の確率で相手の『特防』を1段階下げる。
667,ラスターパージ,8,2,70,100,5,FALSE,5割の確率で相手の『特防』ランクを1段階低下させる。
668,ラブリースターインパクト,16,1,0,999,1,TRUE,『フェアリー』のZ技。わざの威力や分類は元の『わざ』によって変化するが、元の威力が高いほど威力が高くなる。命中率は100%で、必ず相手に命中する。
669,リサイクル,18,3,0,,10,FALSE,味方が最後に使用した持ち物を再び入手することができる。自分が既に道具を持っている場合は失敗する。
670,リフレクター,8,3,0,,20,FALSE,5ターンの間に限り、特殊攻撃のダメージを50%減少させる。ただし、急所に当たった場合は軽減されない。
671,リフレッシュ,18,3,0,,20,FALSE,『どく』『まひ』『やけど』の状態異常から回復する。
672,リベンジ,3,1,60,100,10,TRUE,優先度-4で行動するため後攻になるが、そのターンに相手からダメージを受けていた場合は威力が2倍に上昇する。
673,りゅうせいぐん,4,2,130,90,5,FALSE,攻撃した後、自分の『特攻』が2ランク下がる。
674,りゅうのいかり,4,2,0,100,10,FALSE,40の固定ダメージを与える。
675,りゅうのいぶき,4,2,60,100,20,FALSE,3割の確率で相手に『まひ』の状態異常を与える。
676,りゅうのはどう,4,2,85,100,10,FALSE,通常攻撃
677,りゅうのまい,4,3,0,,20,FALSE,『攻撃』『素早さ』を1ランクずつ上げる。
678,りんしょう,18,2,60,100,15,FALSE,同じターン中に別のポケモンが『りんしょう』を続けて出すと、最初以外の『りんしょう』の威力は2倍になる。
679,リーフストーム,14,2,130,90,5,FALSE,攻撃した後、自分の『特攻』が2ランク下がる。
680,リーフブレード,14,1,90,100,15,TRUE,1/6の確率で急所に当たる。
681,レイジングジオフリーズ,6,1,0,999,1,TRUE,『こおり』のZ技。わざの威力や分類は元の『わざ』によって変化するが、元の威力が高いほど威力が高くなる。命中率は100%で、必ず相手に命中する。
682,れいとうパンチ,6,1,75,100,15,TRUE,1割の確率で相手に『こおり』の状態異常を与える。
683,れいとうビーム,6,2,90,100,10,FALSE,1割の確率で相手に『こおり』の状態異常を与える。
684,れんごく,10,2,100,50,5,FALSE,命中した相手を『やけど』状態にする。
685,れんぞくぎり,11,1,40,95,20,TRUE,連続で使うと使う度に威力が2倍になっていく。攻撃が外れたり、違う技を使用すると元に戻る。
686,れんぞくパンチ,18,1,18,85,15,TRUE,1回の攻撃で2～5回の連続攻撃を行う。
687,ロケットずつき,18,1,130,100,10,TRUE,1ターン目に自分の『防御』ランクを1段階上昇させ、2ターン目で攻撃する。
688,ロックオン,18,3,0,,5,FALSE,次のターン、使った相手に自分の技が100%の確率で命中する。
689,ロックカット,17,3,0,,20,FALSE,『素早さ』ランクが2段階上昇する。
690,ロッククライム,18,1,90,85,20,TRUE,2割の確率で相手に『こんらん』の状態異常を与える。
691,ロックブラスト,17,1,25,90,10,TRUE,1回の攻撃で2～5回の連続攻撃を行う。
692,ローキック,3,1,65,100,20,TRUE,命中した相手の『素早さ』を1段階下げる。
693,ワイドガード,17,3,0,,10,FALSE,優先度＋3で行動できる。使用したターンの間、自分と味方は、相手や味方が使った複数のポケモンが対象の攻撃技を受けない。
694,ワイルドボルト,5,1,90,100,15,TRUE,攻撃後、相手に与えたダメージの1/4を反動として自分もダメージを受ける。
695,わたほうし,14,3,0,100,40,FALSE,相手の『素早さ』ランクを2段階低下させる。
696,わだつみのシンフォニア,15,2,195,999,1,FALSE,『アシレーヌ』の専用Z技。命中率は100%で、必ず相手に命中する。
697,わるあがき,18,1,50,,1,TRUE,使える技がない時のみ使用可能。自分の最大HPの25%のダメージを反動として自分も受けてしまうが、『タイプ』に関係なくダメージを与えることができる。
698,わるだくみ,1,3,0,,20,FALSE,『特攻』を2段階上げる。
699,ワンダールーム,8,3,0,,10,FALSE,5ターンの間、すべてのポケモンの『防御』と『特防』が入れ替わる。
700,ワールズエンドフォール,17,1,0,999,1,TRUE,『いわ』のZ技。わざの威力や分類は元の『わざ』によって変化するが、元の威力が高いほど威力が高くなる。命中率は100%で、必ず相手に命中する。
701,(なし),19,0,0,,,FALSE,
